date,place,race_id,horse_name,jockey,trainer,odds,pred_prob,ev,rank,race_laps,weather,surface,distance
2025-11-30,5,202505050810,シャパリュ,三浦皇成,[東]菊沢隆徳,27.0,0.1737873968751876,4.692259715630065,1,12.5 - 23.5 - 35.3 - 47.4 - 59.3 - 71.3 - 84.1 (35.3-36.7),晴,ダ,1400.0
2025-11-30,36,202536113002,ワイルドブーケ,小林凌,[地]佐藤敏彦,37.6,0.1187477207672555,4.464914300848807,1,,曇,ダ,1300.0
2025-11-29,54,202554112903,ゲンパチハマジ,井上瑛太,[地]宮川浩一,9.7,0.5808924028676044,5.634656307815762,1,,晴,ダ,1400.0
2025-11-24,3,202503030602,ステラスプレンダー,小沢大仁,[西]石坂公一,111.7,0.0517449801293388,5.779914280447144,1,7.2 - 18.0 - 29.5 - 42.5 - 55.2 - 67.7 - 80.7 - 93.6 - 106.8 (29.5-39.1),晴,ダ,1700.0
2025-11-24,3,202503030611,シェットランド,吉田隼人,[東]久保田貴,50.7,0.1067130526096061,5.41035176730703,1,7.3 - 18.6 - 30.8 - 43.6 - 56.3 - 68.5 - 80.7 - 93.3 - 106.2 (30.8-37.7),曇,ダ,1700.0
2025-11-24,36,202536112405,メモリーメイラード,鈴木祐,[地]高橋純,28.2,0.2511686068905551,7.0829547143136535,1,,曇,ダ,1300.0
2025-11-24,3,202503030607,レグザゴン,吉村誠之,[東]斎藤誠,41.3,0.3121625834462933,12.892314696331912,1,9.7 - 20.7 - 32.1 - 44.1 - 56.3 - 68.7 (32.1-36.6),曇,ダ,1150.0
2025-11-23,46,202546112308,シェヴロンケリー,加藤翔馬,[地]堀場裕充,52.0,0.1105425061450976,5.748210319545075,1,,晴,ダ,1400.0
2025-11-22,55,202555112207,ムーンパスゴールド,川島拓,[地]土井道隆,74.7,0.0512554684568041,3.8287834937232663,1,,晴,ダ,1400.0
2025-11-22,55,202555112202,アマルフィー,竹吉徹,[地]真島元徳,9.5,0.5760961158337379,5.472913100420509,1,,晴,ダ,1400.0
2025-11-22,55,202555112206,エムティピース,飛田愛斗,[地]渡辺博文,13.3,0.6189633098165831,8.232212020560556,1,,晴,ダ,1400.0
2025-11-16,8,202508040401,エイシンビリオン,田山旺佑,[西]今野貞一,37.1,0.1410570717738171,5.233217362808615,1,12.1 - 23.1 - 34.8 - 47.1 - 59.3 - 71.6 - 84.7 (34.8-37.6),晴,ダ,1400.0
2025-11-16,5,202505050404,アジアントレジャー,酒井学,[東]蛯名正義,22.6,0.1733026073245316,3.9166389255344143,1,12.6 - 24.0 - 36.9 - 50.2 - 63.6 - 76.3 - 88.3 - 100.5 (36.9-36.9),晴,ダ,1600.0
2025-11-09,8,202508040201,ムテキシャチョウ,川田将雅,[西]森秀行,10.7,0.3233773584556069,3.4601377354749934,1,11.9 - 23.0 - 35.4 - 48.0 - 60.9 - 73.3 - 86.0 (35.4-38.0),雨,ダ,1400.0
2025-11-09,3,202503030210,アレナパラシオ,富田暁,[西]四位洋文,65.6,0.0944648860641634,6.196896525809118,1,7.1 - 18.4 - 30.1 - 42.6 - 55.3 - 67.7 - 80.3 - 93.0 - 105.5 (30.1-37.8),小雨,ダ,1700.0
2025-11-08,8,202508040110,フロムダスク,西村淳也,[西]森秀行,70.2,0.0445419796753998,3.126846973213066,1,12.3 - 23.1 - 34.7 - 46.9 - 58.7 - 70.4 - 81.4 - 93.0 (34.7-34.3),晴,芝,1600.0
2025-11-02,35,202535110201,ネオシャクナゲ,佐々木志,[地]高橋純,7.6,0.4407612528122081,3.3497855213727816,1,,曇,ダ,1000.0
2025-11-02,35,202535110208,チビアーサー,関本玲花,[地]永田幸宏,31.7,0.3770910212867776,11.953785374790849,1,,曇,ダ,1400.0
2025-11-01,35,202535110102,グローブミッション,村上忍,[地]村上実,6.2,0.7879882349013899,4.885527056388618,1,,曇,ダ,1000.0
2025-11-01,8,202508031004,メイショウウネビ,森一馬,[西]本田優,15.8,0.4783753796622134,7.558330998662972,1,,曇,障,2910.0
2025-11-01,35,202535110103,シャラ,山本政聡,[地]橘友和,6.3,0.5209264435846546,3.2818365945833237,1,,曇,ダ,1200.0
2025-11-01,5,202505041004,ビルバンテ,横山和生,[東]蛯名正義,12.8,0.2828250828475233,3.6201610604482983,1,12.7 - 23.5 - 35.6 - 48.2 - 60.6 - 72.3 - 84.5 (35.6-36.3),晴,ダ,1400.0
2025-10-19,8,202508030704,ミルトベスト,岩田望来,[西]中村直也,21.6,0.1983322371140243,4.283976321662926,1,12.5 - 23.6 - 35.3 - 47.2 - 59.1 - 70.6 - 82.2 (35.3-35.0),曇,芝,1400.0
2025-10-19,8,202508030710,グランフォーブル,酒井学,[東]土田稔,116.5,0.0330344604581573,3.8485146433753252,1,12.7 - 24.1 - 35.7 - 47.8 - 59.7 - 71.4 - 83.2 (35.7-35.4),曇,ダ,1400.0
2025-10-19,8,202508030706,ミッションルース,田口貫太,[西]平田修,170.4,0.0672782518668817,11.464214118116642,1,12.3 - 23.6 - 36.5 - 49.2 - 62.1 - 74.7 - 86.8 - 99.4 - 112.5 (36.5-37.8),曇,ダ,1800.0
2025-10-19,8,202508030705,ヴァロンブローサ,北村友一,[西]池添学,9.7,0.316715941220538,3.0721446298392183,1,12.9 - 24.3 - 36.9 - 49.8 - 61.9 - 74.0 - 86.3 - 98.4 - 110.4 - 122.1 (36.9-35.8),曇,芝,2000.0
2025-10-18,5,202505040607,ミクストベリーズ,川田将雅,[東]伊藤圭三,14.2,0.2300726858689899,3.2670321393396566,1,12.5 - 23.5 - 34.8 - 46.2 - 57.3 - 68.6 - 80.1 (34.8-33.9),晴,芝,1400.0
2025-10-13,35,202535101309,リッチアロマ,山本聡紀,[地]板垣吉則,24.7,0.3863606881586811,9.543108997519422,1,,晴,ダ,1200.0
2025-10-13,35,202535101304,ジェイルブレイク,阿部英俊,[地]工藤裕孝,10.1,0.4122671978337892,4.163898698121271,1,,晴,ダ,1200.0
2025-10-13,35,202535101302,グレコ,坂井瑛音,[地]千葉幸喜,16.9,0.5510049307616395,9.311983329871707,1,,晴,ダ,1000.0
2025-10-12,35,202535101207,クイーンオメガ,山本政聡,[地]斉藤雄一,8.8,0.541687925174019,4.766853741531367,1,,小雨,ダ,1400.0
2025-10-12,35,202535101201,エウクレイア,山本政聡,[地]櫻田康二,6.6,0.6682549484440241,4.410482659730559,1,,小雨,ダ,1200.0
2025-10-12,35,202535101203,レトワールダムール,山本政聡,[地]櫻田康二,5.3,0.5772333961249217,3.059336999462085,1,,雨,ダ,1200.0
2025-10-11,46,202546101105,ホウオウシーザー,中島龍也,[地]加藤和宏,8.7,0.5032191601522144,4.378006693324265,1,,曇,ダ,1500.0
2025-10-11,46,202546101107,ギンザターゲット,米倉知,[地]井樋一也,35.2,0.0890576642351619,3.1348297810776993,1,,曇,ダ,1500.0
2025-10-05,36,202536100502,ファイアドライブ,山本政聡,[地]石川栄,32.0,0.1640061104138045,5.248195533241744,1,,曇,ダ,1300.0
2025-10-05,8,202508030206,ポッドフォルク,中井裕二,[西]西園正都,40.5,0.1801355077213908,7.295488062716328,1,12.4 - 23.6 - 36.7 - 49.5 - 62.4 - 75.4 - 88.0 - 100.0 - 112.1 (36.7-36.7),小雨,ダ,1800.0
2025-10-04,54,202554100407,アーサーテソーロ,永森大智,[地]工藤真司,5.3,0.811659087396556,4.301793163201746,1,,曇,ダ,1400.0
2025-10-04,5,202505040109,サトノヴィレ,荻野極,[東]鹿戸雄一,78.7,0.0386149566174106,3.038997085790214,1,12.6 - 23.8 - 35.6 - 47.5 - 58.9 - 70.5 - 82.1 - 93.9 - 105.4 (35.6-34.9),曇,芝,1800.0
2025-09-28,6,202506040911,ウインカーネリアン,三浦皇成,[東]鹿戸雄一,50.0,0.0827746627815343,4.138733139076715,1,12.0 - 22.7 - 33.7 - 44.9 - 55.5 - 66.9 (33.7-33.2),晴,芝,1200.0
2025-09-27,54,202554092710,アムレートゥム,宮川実,[地]宮川真衣,20.6,0.3341230652094403,6.88293514331447,1,,曇,ダ,1400.0
2025-09-27,54,202554092711,ノアファラオ,岡村卓弥,[地]川野勇馬,24.9,0.4101699348951367,10.213231378888903,1,,曇,ダ,1400.0
2025-09-27,54,202554092704,クエンカ,山崎雅由,[地]田中譲二,13.6,0.3639121620638941,4.94920540406896,1,,曇,ダ,1300.0
2025-09-27,6,202506040811,ピースワンデュック,柴田善臣,[東]大竹正博,28.7,0.1505538674063519,4.320895994562299,1,12.8 - 23.6 - 35.2 - 46.8 - 58.3 - 70.0 - 81.3 - 92.9 (35.2-34.6),晴,芝,1600.0
2025-09-21,36,202536092108,マジカルキャンディ,関本玲花,[地]工藤裕孝,11.0,0.33459827414564,3.6805810156020398,1,,曇,ダ,1300.0
2025-09-21,36,202536092107,ヤスエ,南郷家全,[地]高橋純,12.8,0.5508433996110664,7.050795515021651,1,,曇,ダ,1300.0
2025-09-20,46,202546092001,ララセリーヌ,魚住謙心,[地]菅原欣也,53.0,0.2725109285950836,14.443079215539429,1,,曇,ダ,1500.0
2025-09-20,46,202546092004,ピエノダモーレ,兼子千央,[地]井樋一也,112.0,0.2728585148072894,30.56015365841641,1,,曇,ダ,1400.0
2025-09-20,46,202546092010,クリノキングボス,中島龍也,[地]加藤和宏,4.9,0.6865143785199377,3.363920454747695,1,,曇,ダ,1700.0
2025-09-20,6,202506040612,エコロエイト,丹内祐次,[東]田村康仁,29.7,0.1471996484281828,4.371829558317029,1,12.0 - 22.6 - 34.2 - 46.5 - 58.6 - 70.5 (34.2-36.3),曇,ダ,1200.0
2025-09-15,9,202509040505,アイガーリー,菱田裕二,[西]秋山真一,33.3,0.1463016341631761,4.871844417633763,1,12.8 - 24.5 - 37.5 - 50.4 - 62.8 - 74.2 - 85.2 - 96.5 (37.5-33.7),晴,芝,1600.0
2025-09-15,36,202536091506,ラブコラージェン,阿部英俊,[地]菅原勲,8.0,0.3857666090037261,3.086132872029809,1,,曇,ダ,1400.0
2025-09-14,36,202536091409,タイセイアゲイン,高松亮,[地]佐藤雅彦,4.0,0.7576413250243137,3.0305653000972548,1,,晴,ダ,1400.0
2025-09-14,9,202509040403,ミライエイゴウ,田山旺佑,[西]四位洋文,36.4,0.1124368388795928,4.092700935217178,1,12.7 - 23.7 - 36.3 - 49.0 - 61.7 - 74.5 - 87.4 - 100.2 - 112.7 (36.3-38.2),曇,ダ,1800.0
2025-09-14,6,202506040411,ポッドベイダー,荻野極,[東]上原佑紀,13.1,0.2892747289251788,3.7894989489198423,1,11.7 - 22.5 - 33.8 - 45.5 - 57.6 - 69.9 (33.8-36.1),曇,ダ,1200.0
2025-09-14,6,202506040406,ブレゲアン,三浦皇成,[東]田村康仁,43.3,0.172686594481722,7.477329541058562,1,12.6 - 23.9 - 36.4 - 49.2 - 61.7 - 74.4 - 87.1 - 99.7 - 113.0 (36.4-38.6),曇,ダ,1800.0
2025-09-13,46,202546091305,ウエスタンアミーゴ,柴田勇真,[地]田嶋弘幸,8.4,0.5926055171211813,4.977886343817922,1,,曇,ダ,1400.0
2025-09-13,46,202546091301,ワンダフルガイ,吉田晃浩,[地]田嶋弘幸,10.4,0.613421102271344,6.379579463621979,1,,曇,ダ,1400.0
2025-09-13,46,202546091308,ロマンチックタイム,栗原大河,[地]菅原欣也,31.9,0.167810155818707,5.353143970616753,1,,曇,ダ,1500.0
2025-08-23,1,202501020108,ビッグベルーガ,ウィリア,[西]牧浦充徳,21.7,0.1792931554381047,3.890661473006872,1,13.2 - 25.9 - 39.1 - 52.1 - 65.6 - 79.3 - 92.4 - 104.8 - 116.3 - 128.8 - 141.5 - 154.6 (39.1-38.3),晴,ダ,2400.0
2025-08-23,4,202504030102,グランカッサ,今村聖奈,[東]加藤士津,19.0,0.1844013358842758,3.50362538180124,1,12.8 - 23.8 - 35.9 - 48.9 - 62.1 - 74.8 - 87.8 - 101.0 - 114.8 (35.9-40.0),晴,ダ,1800.0
2025-08-10,1,202501010602,メイショウハボマイ,松本大輝,[西]本田優,30.1,0.1116930696443923,3.3619613962962083,1,12.6 - 23.8 - 35.4 - 47.4 - 59.8 (35.4-36.0),晴,ダ,1000.0
2025-08-10,7,202507030610,メイケイロゼッタ,酒井学,[西]河嶋宏樹,15.6,0.2107521185196315,3.2877330489062513,1,7.4 - 18.8 - 30.9 - 44.7 - 58.4 - 70.5 - 82.6 - 95.2 - 107.8 - 120.9 (30.9-38.3),曇,ダ,1900.0
2025-08-09,4,202504020511,フラッシュポイント,戸崎圭太,[東]西田雄一,7.3,0.6156644560284925,4.4943505290079955,1,12.0 - 22.2 - 32.8 - 43.5 - 54.7 (32.8-32.5),晴,芝,1000.0
2025-07-27,1,202501010201,メイショウハマギク,小林美駒,[西]藤岡健一,25.3,0.1240679467262094,3.138919052173098,1,6.7 - 17.6 - 29.4 - 41.5 - 53.7 - 66.2 - 78.8 - 91.9 - 105.2 (29.4-39.0),曇,ダ,1700.0
2025-07-26,7,202507030110,メイショウソウセキ,永島まな,[西]松永幹夫,29.7,0.1443663558837598,4.2876807697476655,1,12.9 - 24.3 - 37.9 - 50.5 - 62.6 - 75.1 - 87.8 - 100.4 - 113.5 (37.9-38.4),晴,ダ,1800.0
2025-07-26,4,202504020110,ドナレア,荻野極,[東]高木登,39.1,0.1296801091147258,5.070492266385779,1,11.8 - 22.9 - 34.4 - 46.7 - 58.8 - 71.6 (34.4-37.2),晴,ダ,1200.0
2025-07-20,2,202502011211,エイシンディード,キング,[西]大久保龍,48.7,0.2261869847204562,11.015306155886218,1,12.1 - 23.0 - 34.3 - 45.3 - 56.5 - 68.4 (34.3-34.1),晴,芝,1200.0
2025-07-13,10,202510020602,ノボリリア,高杉吏麒,[西]石橋守,52.1,0.162632454191246,8.473150863363918,1,12.1 - 22.4 - 33.4 - 45.1 - 56.8 - 68.8 (33.4-35.4),曇,芝,1200.0
2025-07-13,3,202503020609,ミラーダカリエンテ,石川裕紀,[東]相沢郁,28.4,0.1285626621037049,3.651179603745219,1,12.6 - 24.0 - 35.6 - 48.1 - 60.6 - 72.6 - 84.5 - 96.5 - 108.7 (35.6-36.1),晴,芝,1800.0
2025-07-13,2,202502011003,ルブリアン,鷲頭虎太,[西]佐々木晶,12.5,0.2853064188017856,3.56633023502232,1,12.0 - 23.2 - 35.1 - 46.6 - 57.8 - 69.0 (35.1-33.9),晴,芝,1200.0
2025-07-13,2,202502011010,テイエムタリスマ,小林美駒,[西]高橋一哉,15.7,0.248598049269643,3.9029893735333947,1,12.2 - 22.9 - 34.4 - 46.6 - 58.9 (34.4-36.0),晴,ダ,1000.0
2025-07-13,3,202503020610,ノーブルゲイル,木幡巧也,[東]中川公成,70.7,0.1132347042769563,8.00569359238081,1,7.2 - 18.0 - 29.3 - 42.0 - 54.9 - 67.7 - 80.4 - 93.3 - 105.8 (29.3-38.1),晴,ダ,1700.0
2025-07-12,3,202503020506,ショーリバース,津村明秀,[東]鈴木伸尋,12.1,0.437696113228916,5.2961229700698835,1,9.6 - 20.7 - 32.0 - 44.1 - 56.9 - 70.0 (32.0-38.0),曇,ダ,1150.0
2025-07-06,3,202503020406,エスシーレベッカ,田辺裕信,[東]加藤士津,14.9,0.2568235184643928,3.8266704251194525,1,9.7 - 20.6 - 31.5 - 43.2 - 55.6 - 68.6 (31.5-37.1),曇,ダ,1150.0
2025-07-06,2,202502010803,ブレイクバウンズ,伊藤工真,[東]林徹,13.3,0.2812016867027885,3.7399824331470874,1,7.0 - 17.6 - 29.2 - 41.5 - 54.2 - 67.5 - 80.1 - 92.9 - 105.6 (29.2-38.1),曇,ダ,1700.0
2025-07-05,2,202502010710,ドバイブルース,横山武史,[東]加藤征弘,9.2,0.3657281659188158,3.364699126453105,1,7.0 - 18.0 - 29.3 - 41.3 - 53.6 - 65.5 - 77.5 - 90.0 - 102.8 (29.3-37.3),晴,ダ,1700.0
2025-07-05,10,202510020302,ヴォルクメア,田口貫太,[西]新谷功一,27.5,0.2068369144881729,5.688015148424755,1,6.9 - 18.1 - 30.2 - 43.8 - 57.2 - 69.2 - 82.1 - 94.8 - 107.4 (30.2-38.2),晴,ダ,1700.0
2025-07-05,10,202510020311,グランアルティスタ,小崎綾也,[西]寺島良,99.5,0.0682669477658326,6.792561302700344,1,12.3 - 23.5 - 35.7 - 47.7 - 59.3 - 70.9 - 82.6 - 94.5 - 107.0 (35.7-36.1),晴,芝,1800.0
2025-07-05,2,202502010703,モルビド,藤岡佑介,[西]中内田充,57.0,0.1328238795860221,7.57096113640326,1,12.7 - 23.3 - 35.0 - 47.5 - 60.1 - 72.8 - 85.2 - 97.3 - 109.6 - 122.0 (35.0-36.8),曇,芝,2000.0
2025-06-28,10,202510020102,ユウファラオ,坂井瑠星,[西]森秀行,19.1,0.3041449795619094,5.80916910963247,1,11.9 - 22.2 - 33.2 - 44.9 - 56.6 - 69.0 (33.2-35.8),晴,芝,1200.0
2025-06-22,9,202509030612,アウトドライブ,幸英明,[西]鈴木孝志,18.3,0.2977460821480691,5.4487533033096645,1,12.7 - 23.4 - 36.2 - 48.9 - 61.7 - 74.6 - 87.4 - 99.9 - 113.1 (36.2-38.5),晴,ダ,1800.0
2025-06-21,2,202502010301,グッバイウェーブ,横山武史,[東]中川公成,15.1,0.5565113414493973,8.4033212558859,1,12.0 - 22.5 - 33.6 - 45.2 - 56.8 - 68.8 (33.6-35.2),曇,芝,1200.0
2025-06-21,9,202509030501,マテンロウジョイ,西谷誠,[西]四位洋文,18.2,0.3070336288852601,5.588012045711733,1,,晴,障,3110.0
2025-06-15,5,202505030404,ザカート,大野拓弥,[東]高柳瑞樹,94.1,0.0430787163878008,4.053707212092055,1,12.5 - 24.0 - 36.2 - 48.5 - 60.1 - 71.7 - 83.6 (36.2-35.1),曇,芝,1400.0
2025-06-15,5,202505030407,ダンツファイター,三浦皇成,[東]蛯名正義,18.4,0.1799315889627462,3.3107412369145295,1,12.8 - 25.2 - 37.6 - 50.1 - 63.1 - 75.4 - 87.3 - 98.7 - 110.1 - 121.9 (37.6-34.6),曇,芝,2000.0
2025-06-14,5,202505030303,ジェイエルバース,小林凌大,[東]小西一男,58.4,0.0570596239323867,3.332282037651383,1,12.4 - 24.0 - 36.6 - 49.3 - 61.4 - 73.1 - 84.9 (36.6-35.6),曇,ダ,1400.0
2025-06-08,36,202536060802,ジェイエルビット,山本聡哉,[地]佐々木由,5.7,0.7933967285216527,4.52236135257342,1,,曇,ダ,850.0
2025-06-08,36,202536060806,ルレット,塚本涼人,[地]酒井仁,7.5,0.416626214600367,3.1246966095027524,1,,曇,ダ,1300.0
2025-06-07,54,202554060709,ミシェラドラータ,永森大智,[地]打越勇児,4.3,0.7449338788572464,3.2032156790861595,1,,曇,ダ,1600.0
2025-06-07,54,202554060707,ポジティブガール,岡村卓弥,[地]西川敏弘,7.4,0.7411707367890197,5.484663452238746,1,,曇,ダ,1300.0
2025-06-07,5,202505030108,バランスダンサー,田辺裕信,[東]久保田貴,11.6,0.3105267756741326,3.602110597819938,1,12.3 - 23.0 - 34.9 - 47.5 - 60.0 - 72.3 - 84.5 - 96.9 (34.9-36.9),晴,ダ,1600.0
2025-06-07,54,202554060705,サクララージャン,城野慈尚,[地]平和人,44.4,0.6682549484440241,29.670519710914668,1,,曇,ダ,1300.0
2025-06-01,35,202535060101,ディザーブラン,高松亮,[地]櫻田浩樹,6.5,0.4753452362899596,3.0897440358847374,1,,曇,ダ,1000.0
2025-05-31,54,202554053101,シシノハート,近藤翔月,[地]那俄性哲,8.7,0.5201744604276362,4.525517805720434,1,,晴,ダ,1300.0
2025-05-31,54,202554053111,ヴィアダクト,山崎雅由,[地]西川敏弘,11.3,0.7863837415086656,8.886136279047923,1,,晴,ダ,1300.0
2025-05-31,54,202554053108,ハッキョイ,妹尾浩一,[地]西山裕貴,21.9,0.2995656006130335,6.560486653425433,1,,晴,ダ,1300.0
2025-05-31,8,202508021111,アブキールベイ,岩田望来,[西]坂口智康,60.5,0.0548030415772324,3.31558401542256,1,12.0 - 22.6 - 33.5 - 44.4 - 55.9 - 68.3 (33.5-34.8),曇,芝,1200.0
2025-05-31,8,202508021104,ダンツアトム,和田陽希,[西]本田優,137.6,0.0402381301858715,5.536766713575918,1,12.1 - 22.8 - 34.1 - 45.5 - 57.2 - 69.2 - 81.3 (34.1-35.8),曇,芝,1400.0
2025-05-31,5,202505021108,サンドオブエテル,長浜鴻緒,[東]蛯名正義,61.4,0.0537217657200588,3.29851641521161,1,12.3 - 23.2 - 35.0 - 47.1 - 59.5 - 71.6 - 83.1 - 95.4 (35.0-35.9),小雨,ダ,1600.0
2025-05-25,8,202508021003,ワールドキッス,浜中俊,[西]河嶋宏樹,27.7,0.3124517974879613,8.654914790416528,1,7.1 - 18.3 - 29.7 - 42.9 - 55.9 - 68.6 - 80.7 - 93.2 - 105.7 - 118.5 (29.7-37.8),曇,ダ,1900.0
2025-05-25,5,202505021004,バンブルビー,田辺裕信,[東]小西一男,88.2,0.1649973985954927,14.552770556122457,1,12.5 - 23.5 - 34.8 - 46.5 - 58.4 - 70.3 - 81.8 - 93.7 (34.8-35.3),曇,芝,1600.0
2025-05-25,4,202504010807,ホワイトターフ,上里直汰,[東]清水英克,54.3,0.0623279316460783,3.3844066883820516,1,12.0 - 22.9 - 34.8 - 47.2 - 59.2 - 71.7 (34.8-36.9),小雨,ダ,1200.0
2025-05-25,4,202504010805,ストラニエーロ,荻野極,[東]尾関知人,43.8,0.0929752881528181,4.072317621093433,1,13.0 - 24.7 - 38.0 - 51.5 - 64.7 - 77.6 - 90.4 - 102.5 - 114.7 - 126.9 (38.0-36.5),小雨,芝,2000.0
2025-05-24,4,202504010709,ゼンダンタカ,角田大和,[西]角田晃一,27.5,0.1171540932717665,3.2217375649735787,1,12.0 - 22.7 - 33.4 - 44.1 - 55.3 (33.4-32.6),小雨,芝,1000.0
2025-05-18,4,202504010605,スコラーリ,伴啓太,[東]萩原清,13.2,0.2792781035175345,3.686470966431455,1,,曇,障,2890.0
2025-05-17,4,202504010509,アンテロース,吉田隼人,[西]岡田稲男,19.9,0.231610749808427,4.609053921187697,1,13.2 - 25.3 - 37.8 - 50.5 - 63.3 - 76.2 - 88.2 - 99.3 - 110.7 - 123.2 (37.8-35.0),曇,芝,2000.0
2025-05-11,8,202508020611,サンライズアリオン,藤岡佑介,[西]平田修,13.1,0.2514959511422501,3.294596959963476,1,12.2 - 23.4 - 35.9 - 48.4 - 61.1 - 73.2 - 85.5 - 97.5 - 109.7 (35.9-36.5),曇,ダ,1800.0
2025-05-11,8,202508020608,メイショウザンゲツ,和田竜二,[西]鈴木孝志,33.2,0.1535157184834698,5.096721853651197,1,12.4 - 23.6 - 35.9 - 48.3 - 60.6 - 72.6 - 85.5 (35.9-37.2),曇,ダ,1400.0
2025-05-10,4,202504010302,チュラビックタイム,斎藤新,[東]斎藤誠,10.3,0.4162553789599273,4.287430403287251,1,12.9 - 24.1 - 37.7 - 51.7 - 64.4 - 77.0 - 90.1 - 102.5 - 115.6 (37.7-38.6),曇,ダ,1800.0
2025-05-03,4,202504010103,テイエムパイロット,柴田裕一,[西]秋山真一,43.0,0.0964820001982541,4.1487260085249265,1,12.0 - 22.9 - 34.4 - 47.0 - 59.1 - 71.9 (34.4-37.5),晴,ダ,1200.0
2025-04-27,8,202508020204,アルマーザアミール,小牧加矢,[西]斉藤崇史,15.5,0.1954795460654314,3.0299329640141863,1,,晴,障,2910.0
2025-04-27,3,202503010612,グランファラオ,秋山稔樹,[西]高橋義忠,9.3,0.3354213188741672,3.119418265529755,1,9.8 - 20.7 - 32.0 - 44.1 - 56.3 - 68.8 (32.0-36.8),晴,ダ,1150.0
2025-04-26,3,202503010501,キミオモウハナ,斎藤新,[西]杉山佳明,21.0,0.2303093314554255,4.836495960563935,1,7.2 - 18.5 - 30.8 - 42.9 - 55.8 - 68.4 - 80.7 - 93.9 - 107.8 (30.8-39.4),晴,ダ,1700.0
2025-04-26,3,202503010503,ティティナ,小林美駒,[東]和田正一,70.0,0.1428073595249974,9.996515166749818,1,12.7 - 23.6 - 35.2 - 47.6 - 60.9 - 73.4 - 84.8 - 96.5 - 108.8 - 121.6 (35.2-36.8),晴,芝,2000.0
2025-04-26,5,202505020102,アイアムイチバン,松岡正海,[東]奥平雅士,32.0,0.1057811068718831,3.384995419900259,1,12.7 - 23.9 - 36.3 - 49.1 - 61.5 - 73.5 - 85.8 (36.3-36.7),曇,ダ,1400.0
2025-04-20,6,202506030807,エコロエイト,丹内祐次,[東]田村康仁,34.4,0.2815424359817505,9.685059797772217,1,12.2 - 23.2 - 34.8 - 46.7 - 58.9 - 71.7 (34.8-36.9),曇,ダ,1200.0
2025-04-19,6,202506030712,グレタ,杉原誠人,[東]清水英克,36.0,0.0955581507666333,3.440093427598799,1,12.1 - 23.1 - 35.2 - 47.4 - 59.4 - 72.4 (35.2-37.2),晴,ダ,1200.0
2025-04-19,3,202503010307,トゥピ,丹内祐次,[東]田村康仁,70.5,0.0604977943033264,4.265094498384511,1,7.1 - 18.3 - 30.4 - 43.0 - 55.7 - 68.1 - 80.8 - 94.0 - 106.9 (30.4-38.8),晴,ダ,1700.0
2025-04-12,9,202509020509,ミアステラ,幸英明,[西]大根田裕,60.9,0.0545989787273434,3.325077804495213,1,12.8 - 23.6 - 35.6 - 47.8 - 60.0 - 72.4 - 84.9 - 97.0 - 108.8 - 120.6 - 132.5 - 145.5 (35.6-36.7),晴,芝,2400.0
2025-04-12,3,202503010107,ファイントパーズ,小林美駒,[東]鈴木伸尋,52.8,0.2087598454960918,11.022519842193647,1,7.0 - 18.3 - 30.2 - 42.9 - 55.4 - 67.8 - 80.5 - 93.7 - 107.0 (30.2-39.2),曇,ダ,1700.0
2025-04-12,9,202509020511,サフィラ,松山弘平,[西]池添学,29.7,0.1342097910192516,3.9860307932717722,1,12.4 - 23.5 - 35.5 - 47.5 - 59.4 - 70.6 - 81.4 - 92.8 (35.5-33.4),曇,芝,1600.0
2025-04-06,36,202536040610,ダイチジェム,小林凌,[地]飯田弘道,17.3,0.458815989355072,7.937516615842746,1,,曇,ダ,1600.0
2025-04-06,36,202536040602,アロウカリア,高松亮,[地]佐藤雅彦,6.0,0.5622717783249739,3.3736306699498435,1,,曇,ダ,850.0
2025-04-05,9,202509020312,フラムリンガム,北村友一,[東]柄崎将寿,18.8,0.1896295696061032,3.5650359085947403,1,12.1 - 23.3 - 35.5 - 48.0 - 60.3 - 72.1 - 84.7 (35.5-36.7),曇,ダ,1400.0
2025-03-30,7,202507020609,グラティアスミノル,幸英明,[西]北出成人,33.6,0.1368619418402343,4.598561245831873,1,12.3 - 23.5 - 35.2 - 47.5 - 60.2 - 72.4 - 85.3 (35.2-37.8),晴,ダ,1400.0
2025-03-29,9,202509020105,ディスパラール,団野大成,[西]斉藤崇史,17.8,0.1761666088916745,3.1357656382718058,1,12.7 - 24.1 - 37.1 - 50.1 - 62.5 - 74.9 - 86.9 - 98.5 - 110.0 - 122.4 (37.1-35.5),晴,芝,2000.0
2025-03-23,7,202507020403,ハウリングウィンド,北村友一,[西]安田翔伍,16.0,0.2062292540707553,3.2996680651320847,1,12.3 - 23.2 - 34.9 - 47.3 - 60.0 - 72.4 - 85.4 (34.9-38.1),晴,ダ,1400.0
2025-03-09,36,202536030909,スミシュー,鈴木祐,[地]櫻田康二,14.7,0.5588732188168766,8.215436316608086,1,,晴,ダ,850.0
2025-03-09,36,202536030905,エムオーグリッタ,小林凌,[地]佐藤敏彦,4.9,0.7169204108437783,3.512910013134514,1,,晴,ダ,1300.0
2025-03-08,55,202555030807,フェアリーハイ,加茂飛翔,[地]大島静夫,6.2,0.7641163314993202,4.7375212552957855,1,,晴,ダ,1400.0
2025-03-08,9,202509010308,プロテア,秋山稔樹,[西]宮本博,28.9,0.1300907568090606,3.759622871781851,1,12.3 - 23.5 - 35.4 - 47.6 - 59.8 - 72.8 (35.4-37.4),曇,ダ,1200.0
2025-03-08,55,202555030803,ピークカラー,木之前葵,[地]北村欣也,5.0,0.8091842048024876,4.045921024012438,1,,晴,ダ,1400.0
2025-03-01,6,202506020109,エーオーキング,田辺裕信,[東]久保田貴,69.0,0.0903819839854306,6.236356894994711,1,12.6 - 23.5 - 36.0 - 49.1 - 62.9 - 76.3 - 89.3 - 101.8 - 114.1 - 125.4 - 136.5 (36.0-34.7),晴,芝,2200.0
2025-03-01,9,202509010111,ルクスフロンティア,武豊,[西]松永幹夫,31.0,0.1194644914467369,3.703399234848844,1,12.6 - 24.1 - 35.8 - 48.5 - 61.3 - 73.7 - 85.9 - 98.5 - 111.3 - 124.5 (35.8-38.6),晴,ダ,2000.0
2025-03-01,10,202510011105,ワールドスケール,黒岩悠,[西]村山明,56.4,0.0735836924583038,4.150120254648335,1,,曇,障,2860.0
2025-02-23,5,202505010808,フライングブレード,浜中俊,[西]飯田祐史,39.2,0.1004581664921488,3.937960126492233,1,12.7 - 23.4 - 34.7 - 46.6 - 57.8 - 69.5 - 81.3 (34.7-34.7),晴,芝,1400.0
2025-02-16,5,202505010610,ロードエクレール,横山武史,[東]斎藤誠,34.9,0.1145573213761819,3.998050516028748,1,12.6 - 23.9 - 35.7 - 47.6 - 59.2 - 71.1 - 83.9 (35.7-36.3),曇,ダ,1400.0
2025-02-16,8,202508010605,オデット,吉村誠之,[西]緒方努,156.3,0.0521733296244847,8.154691420306959,1,12.6 - 23.6 - 36.4 - 49.8 - 62.6 - 75.6 - 88.0 - 99.7 - 112.1 - 124.4 (36.4-36.4),曇,芝,2000.0
2025-02-16,10,202510010804,ナイトスピアー,大江原圭,[東]小野次郎,97.5,0.0679657205971714,6.626657758224212,1,,曇,障,2860.0
2025-02-16,8,202508010610,コンティノアール,西村淳也,[西]矢作芳人,38.7,0.1737997977311571,6.72605217219578,1,12.2 - 23.6 - 36.3 - 49.0 - 61.7 - 74.2 - 86.4 - 98.7 - 111.7 (36.3-37.5),曇,ダ,1800.0
2025-02-15,8,202508010501,ハヤテノツバサ,吉村誠之,[西]杉山佳明,14.0,0.3008154602574572,4.211416443604401,1,12.7 - 24.0 - 35.8 - 47.9 - 60.1 - 72.8 (35.8-37.0),晴,ダ,1200.0
2025-02-10,48,202548021009,アナンクス,山田祥雄,[地]地辺幸一,26.0,0.4059976286218992,10.555938344169379,1,,晴,ダ,1500.0
2025-02-10,48,202548021008,タマモルピナス,加藤聡一,[地]原口次夫,13.9,0.2913692583953359,4.050032691695169,1,,晴,ダ,1500.0
2025-02-10,48,202548021001,オッフェンバック,友森翔太,[地]安部幸夫,6.6,0.6600568369671864,4.3563751239834305,1,,晴,ダ,1500.0
2025-02-10,48,202548021002,グランノーヴ,友森翔太,[地]坂口義幸,7.6,0.5167197194294776,3.9270698676640294,1,,晴,ダ,1500.0
2025-02-10,48,202548021007,ノーマンズランド,宮下瞳,[地]井手上慎,14.5,0.4766489120735832,6.911409225066956,1,,晴,ダ,1500.0
2025-02-09,10,202510010609,ドゥアムール,藤岡佑介,[西]中竹和也,16.1,0.265745317160473,4.278499606283615,1,12.0 - 22.9 - 34.4 - 46.2 - 58.0 - 70.0 (34.4-35.6),晴,芝,1200.0
2025-02-09,10,202510010604,クラウンセト,草野太郎,[東]本間忍,9.0,0.3848713218340338,3.463841896506304,1,,晴,障,2860.0
2025-02-08,45,202545020812,マルゼンスキーツー,吉原寛人,[地]今井輝和,20.1,0.3126854219292865,6.2849769807786595,1,12.8 - 24.7 - 38.9 - 51.6 - 65.4 - 79.4 - 93.2 (38.9-41.6),晴,ダ,1400.0
2025-02-08,45,202545020803,ジュウニントイロ,町田直希,[地]平田正一,40.7,0.2583351283084072,10.514239722152174,1,12.7 - 25.4 - 39.0 - 51.2 - 64.7 - 78.8 - 92.7 (39.0-41.5),晴,ダ,1400.0
2025-02-02,8,202508010207,メイショウトム,高杉吏麒,[西]河内洋,76.1,0.0632427217505626,4.812771125217814,1,12.5 - 24.4 - 38.0 - 50.7 - 63.1 - 75.3 - 88.1 - 101.0 - 114.3 (38.0-39.0),曇,ダ,1800.0
2025-02-02,10,202510010401,ローズマイスター,佐々木大,[東]黒岩陽一,12.7,0.3395658725896961,4.31248658188914,1,7.1 - 17.7 - 29.3 - 42.0 - 54.4 - 66.7 - 79.3 - 92.4 - 105.2 (29.3-38.5),曇,ダ,1700.0
2025-02-01,5,202505010112,ショウナンラピダス,三浦皇成,[東]国枝栄,52.4,0.1358909308775941,7.120684777985931,1,12.6 - 23.8 - 36.2 - 48.2 - 60.4 - 72.6 - 83.9 - 95.2 - 106.7 (36.2-34.1),曇,芝,1800.0
2025-02-01,10,202510010305,トーアモルペウス,石神深一,[東]辻哲英,26.2,0.4144302929505031,10.858073675303181,1,,雨,障,2860.0
2025-01-26,7,202507010904,イサナ,松山弘平,[西]橋口慎介,21.9,0.1473035961253101,3.225948755144291,1,12.8 - 24.2 - 37.2 - 49.8 - 62.7 - 75.8 - 88.9 - 100.9 - 113.2 (37.2-37.4),晴,ダ,1800.0
2025-01-25,10,202510010108,レシプロシティ,丹内祐次,[東]田村康仁,8.1,0.6031416795903948,4.885447604682198,1,7.1 - 18.0 - 30.6 - 43.7 - 56.0 - 67.9 - 80.2 - 92.8 - 105.0 (30.6-37.1),晴,ダ,1700.0
2025-01-25,6,202506010803,ポップグルーヴ,佐藤翔馬,[東]小手川準,36.6,0.0981541566311648,3.5924421327006315,1,12.1 - 23.2 - 35.0 - 47.3 - 59.9 - 73.0 (35.0-38.0),曇,ダ,1200.0
2025-01-19,54,202554011904,マイネルシトラス,永森大智,[地]打越勇児,5.8,0.5365352463384419,3.1119044287629625,1,,曇,ダ,1400.0
2025-01-19,6,202506010710,ジャスパーゴールド,横山和生,[西]森秀行,195.1,0.0549810065100196,10.726794370104823,1,11.9 - 22.3 - 33.3 - 45.1 - 57.4 - 70.2 (33.3-36.9),曇,ダ,1200.0
2025-01-18,55,202555011812,バルサステソーロ,飛田愛斗,[地]三小田幸,13.0,0.7376991452248444,9.590088887922978,1,,晴,ダ,900.0
2025-01-18,6,202506010605,シェーンシュティア,三浦皇成,[東]林徹,30.8,0.2230279760629889,6.869261662740058,1,12.5 - 23.4 - 36.1 - 48.4 - 60.7 - 72.6 - 84.8 - 96.7 - 108.3 - 120.2 (36.1-35.4),晴,芝,2000.0
2025-01-18,55,202555011811,サトミノエガオ,川島拓,[地]土井道隆,16.4,0.5038918697438588,8.263826663799284,1,,晴,ダ,900.0
2025-01-13,44,202544011304,シャラク,安藤洋一,[地]佐宗応和,7.3,0.4671640083180121,3.4102972607214883,1,13.1 - 25.7 - 38.8 - 51.4 - 63.9 - 77.3 - 90.8 - 104.8 (38.8-40.9),晴,ダ,1600.0
2025-01-13,44,202544011311,リコールガー,今野忠成,[地]荒山勝徳,31.8,0.5009355665528312,15.929751016380033,1,13.0 - 24.8 - 36.4 - 48.5 - 61.0 - 72.9 - 86.0 (36.4-37.5),晴,ダ,1400.0
2025-01-13,6,202506010504,フォージドブリック,大江原圭,[東]西田雄一,104.1,0.2409747869089257,25.085475317219164,1,,晴,障,2880.0
2025-01-13,7,202507010512,ロードトレイル,高杉吏麒,[西]藤岡健一,23.2,0.1818809282501111,4.219637535402577,1,12.3 - 23.1 - 34.6 - 46.3 - 57.8 - 70.1 (34.6-35.5),晴,芝,1200.0
2025-01-13,44,202544011310,スナイプフレイバー,和田譲治,[地]坂井英光,7.9,0.4895212866366109,3.867218164429226,1,12.4 - 23.5 - 35.5 - 47.9 - 59.8 - 72.9 (35.5-37.4),晴,ダ,1200.0
2025-01-12,7,202507010406,レーゼドラマ,西村淳也,[西]辻野泰之,58.9,0.1228080721228395,7.233395448035247,1,12.9 - 23.5 - 35.7 - 47.9 - 60.0 - 72.1 - 84.7 - 97.2 - 109.4 - 121.6 (35.7-36.9),曇,芝,2000.0
2025-01-12,7,202507010403,ヴェントインコーダ,藤岡佑介,[西]角田晃一,24.2,0.1598104767280359,3.8674135368184683,1,12.7 - 23.4 - 35.2 - 47.5 - 59.8 - 72.9 (35.2-37.7),曇,ダ,1200.0
2025-01-12,7,202507010407,マテンロウコマンド,松山弘平,[西]長谷川浩,36.0,0.152852215520295,5.502679758730619,1,12.4 - 23.5 - 35.0 - 47.2 - 59.6 - 71.4 - 84.1 (35.0-36.9),曇,ダ,1400.0
2025-01-12,6,202506010403,クラウンウルル,佐々木大,[東]菊川正達,32.5,0.1105025473539349,3.5913327890028843,1,12.0 - 23.0 - 34.9 - 47.6 - 60.2 - 73.1 (34.9-38.2),曇,ダ,1200.0
2025-01-11,7,202507010301,エンマ,藤岡佑介,[西]武英智,9.9,0.366888251046812,3.632193685363439,1,12.9 - 23.6 - 36.2 - 49.5 - 62.3 - 74.9 - 88.0 - 100.9 - 113.8 (36.2-38.9),晴,ダ,1800.0
2025-01-06,7,202507010204,ドンインザムード,松山弘平,[西]今野貞一,55.7,0.0862070066844085,4.801730272321554,1,13.0 - 24.0 - 36.8 - 49.2 - 61.6 - 74.5 - 86.8 - 100.0 - 113.3 (36.8-38.8),曇,ダ,1800.0
2025-01-06,6,202506010206,マイネルゼウス,津村明秀,[東]奥村武,48.9,0.071156820690119,3.479568531746819,1,12.4 - 24.1 - 37.1 - 49.8 - 62.4 - 74.9 - 87.2 - 99.2 - 111.2 - 122.7 (37.1-35.5),曇,芝,2000.0
2025-01-06,48,202548010603,オイデメセ,木之前葵,[地]植松則幸,35.1,0.1170214823225512,4.107454029521548,1,,雨,ダ,920.0
2025-01-06,48,202548010604,メードス,丸野勝虎,[地]角田輝也,5.5,0.747916473604547,4.113540604825009,1,,雨,ダ,1500.0
2025-01-05,54,202554010510,マンタロウ,岡村卓弥,[地]川野勇馬,20.3,0.3975178832568767,8.069613030114597,1,,晴,ダ,1300.0
2024-12-28,8,202408070907,ショウナンガチ,Ｍ．デム,[西]須貝尚介,16.3,0.1877672548089721,3.0606062533862453,1,12.8 - 23.6 - 35.3 - 47.9 - 60.7 - 72.8 - 84.4 - 95.8 - 107.6 (35.3-34.8),晴,芝,1800.0
2024-12-28,6,202406050908,サンレイマリー,佐々木大,[東]伊藤圭三,19.1,0.1805147785549618,3.447832270399771,1,11.8 - 22.8 - 34.7 - 47.2 - 59.5 - 72.5 (34.7-37.8),晴,ダ,1200.0
2024-12-28,36,202436122811,サンエイキャノン,村上忍,[地]佐藤浩一,27.0,0.5657387627467735,15.274946594162884,1,,曇,ダ,1400.0
2024-12-28,6,202406050906,ドルンレースツェン,池添謙一,[東]小西一男,63.2,0.0499774924111411,3.1585775203841178,1,12.4 - 23.3 - 35.0 - 47.8 - 61.1 - 74.1 (35.0-39.1),晴,ダ,1200.0
2024-12-28,36,202436122807,マナホクラニ,桑村真明,[地]佐藤雅彦,21.5,0.3092605916006732,6.649102719414474,1,,曇,ダ,1400.0
2024-12-22,8,202408070805,マテンロウジョイ,西谷誠,[西]四位洋文,12.3,0.2883847619528831,3.547132572020462,1,,曇,障,2910.0
2024-12-22,36,202436122204,コミックガール,佐々木志,[地]佐藤祐司,13.5,0.5368525486692608,7.247509407035021,1,,晴,ダ,850.0
2024-12-22,36,202436122210,デルマアシュラ,山本聡哉,[地]菅原勲,6.2,0.7197283237842781,4.462315607462524,1,,雪,ダ,1600.0
2024-12-21,8,202408070705,フランクスピード,Ｃ．デム,[西]高野友和,17.4,0.2142356336867016,3.7277000261486073,1,12.6 - 23.4 - 34.8 - 47.2 - 59.6 - 72.0 - 83.6 - 95.5 (34.8-35.9),曇,芝,1600.0
2024-12-21,6,202406050702,コンアフェット,石川裕紀,[東]斎藤誠,45.4,0.1289901552062462,5.856153046363578,1,12.9 - 24.2 - 37.5 - 51.2 - 64.3 - 77.0 - 89.9 - 103.0 - 115.8 (37.5-38.8),晴,ダ,1800.0
2024-12-21,54,202454122111,インフォーカス,濱尚美,[地]那俄性哲,10.4,0.4098764811767785,4.262715404238497,1,,晴,ダ,1300.0
2024-12-15,8,202408070605,ノクナレア,松山弘平,[西]今野貞一,39.8,0.0809700460201863,3.2226078316034146,1,13.2 - 24.9 - 37.5 - 50.6 - 63.0 - 74.8 - 86.3 - 97.6 (37.5-34.6),晴,芝,1600.0
2024-12-15,7,202407040612,デイトナモード,ドイル,[西]千田輝彦,97.3,0.0495867162139412,4.8247874876164785,1,12.2 - 22.8 - 34.1 - 45.3 - 57.0 - 69.0 (34.1-34.9),晴,芝,1200.0
2024-12-15,8,202408070603,サマーナイト,Ｃ．デム,[西]寺島良,9.4,0.3357310579347782,3.1558719445869152,1,12.6 - 24.1 - 37.2 - 50.1 - 63.7 - 77.4 - 90.0 - 102.4 - 115.1 (37.2-37.7),晴,ダ,1800.0
2024-12-14,6,202406050510,ルクスビッグスター,ムーア,[西]清水久詞,38.0,0.0959525433736556,3.6461966481989125,1,13.0 - 24.2 - 35.1 - 46.0 - 57.4 - 69.3 - 82.0 - 94.6 - 107.4 (35.1-38.1),晴,芝,1800.0
2024-12-07,6,202406050308,エッグスラット,石橋脩,[東]矢野英一,42.2,0.3336507870921517,14.080063215288801,1,12.9 - 24.9 - 38.3 - 51.8 - 63.9 - 76.0 - 88.5 - 101.1 - 113.8 (38.3-37.8),晴,ダ,1800.0
2024-11-30,6,202406050104,アースソーナー,長浜鴻緒,[東]根本康広,183.4,0.0379658487594246,6.962936662478472,1,12.7 - 24.3 - 36.8 - 50.0 - 63.0 - 76.2 - 89.3 - 101.6 - 114.7 (36.8-38.5),晴,ダ,1800.0
2024-11-30,7,202407040112,サダムオプシス,永島まな,[西]平田修,37.3,0.1124507650878903,4.194413537778308,1,12.8 - 24.0 - 37.0 - 49.9 - 62.6 - 74.7 - 86.6 - 98.2 - 109.4 - 120.8 (37.0-34.2),晴,芝,2000.0
2024-11-23,8,202408060707,ヘルメース,吉村誠之,[東]伊藤圭三,18.1,0.1766758463392163,3.197832818739815,1,12.3 - 23.4 - 35.6 - 47.9 - 60.1 - 72.5 (35.6-36.9),曇,ダ,1200.0
2024-11-17,3,202403030604,パープルアドミラル,上野翔,[東]堀内岳志,27.2,0.2727665867095401,7.419251158499491,1,,晴,障,2770.0
2024-11-17,8,202408060603,キスアンドクライ,松山弘平,[西]橋口慎介,66.0,0.1105846273081357,7.298585402336957,1,12.6 - 23.2 - 34.7 - 47.2 - 59.6 - 71.3 - 82.9 - 94.6 (34.7-35.0),曇,芝,1600.0
2024-11-17,5,202405050602,ロートホルン,三浦皇成,[東]加藤征弘,29.8,0.1369776813787123,4.081934905085626,1,12.7 - 23.6 - 35.3 - 47.2 - 59.3 - 71.4 - 82.7 - 94.3 - 105.9 (35.3-34.5),晴,芝,1800.0
2024-11-16,8,202408060511,デシエルト,岩田康誠,[西]安田翔伍,28.6,0.1262508255801241,3.6107736115915494,1,12.7 - 24.0 - 35.9 - 48.0 - 59.8 - 71.9 - 83.3 - 94.8 - 106.4 - 118.6 (35.9-35.3),曇,芝,2000.0
2024-11-16,5,202405050512,ナファロア,角田大和,[東]菊沢隆徳,221.9,0.0187308552379059,4.156376777291319,1,12.7 - 23.9 - 35.8 - 47.8 - 59.9 - 71.5 - 82.6 - 94.1 (35.8-34.2),曇,芝,1600.0
2024-11-03,8,202408060212,ビップジーニー,古川吉洋,[西]松下武士,137.9,0.0335042519358963,4.6202363419601,1,12.0 - 22.8 - 34.2 - 46.0 - 57.7 - 69.3 - 81.4 - 93.6 (34.2-35.9),晴,芝,1600.0
2024-10-19,4,202404040504,ハーツシンフォニー,石神深一,[東]辻哲英,16.4,0.509011655583625,8.34779115157145,1,,曇,障,3250.0
2024-10-19,8,202408050504,ビーコ,長岡禎仁,[東]竹内正洋,149.0,0.1432121728415656,21.338613753393272,1,12.3 - 23.5 - 37.0 - 49.7 - 63.2 - 76.3 - 89.3 - 102.5 - 116.0 (37.0-39.7),雨,ダ,1800.0
2024-10-14,4,202404040402,サンナイアガラ,松本大輝,[西]宮本博,31.4,0.1444714456832475,4.536403394453971,1,12.3 - 22.9 - 34.0 - 45.8 - 58.2 - 70.1 - 82.5 (34.0-36.7),晴,芝,1400.0
2024-10-14,5,202405040404,ベンヌ,田辺裕信,[東]久保田貴,9.5,0.3229666895897529,3.0681835511026523,1,12.5 - 23.4 - 35.1 - 47.5 - 60.2 - 72.0 - 84.4 (35.1-36.9),晴,ダ,1400.0
2024-10-13,35,202435101305,カミノケンシン,村上忍,[地]村上実,4.3,0.7753630120277949,3.334060951719518,1,,晴,ダ,1200.0
2024-10-12,55,202455101204,ダノンカオス,倉富隆一,[地]中川竜馬,176.2,0.7306112707459921,128.7337059054438,1,,晴,ダ,1300.0
2024-10-12,8,202408050301,トゥインクルアップ,鮫島克駿,[西]杉山佳明,20.5,0.2816994318360013,5.774838352638027,1,12.4 - 24.2 - 36.1 - 48.1 - 60.4 - 73.4 (36.1-37.3),晴,ダ,1200.0
2024-10-06,4,202404040201,ブラックトルネード,長浜鴻緒,[東]佐藤吉勝,27.7,0.1112569594769884,3.0818177775125783,1,11.7 - 23.0 - 34.7 - 46.7 - 58.7 - 71.9 (34.7-37.2),晴,ダ,1200.0
2024-10-05,4,202404040101,パーリーブラック,草野太郎,[東]伊坂重信,39.6,0.108424992169727,4.293629689921189,1,,曇,障,3250.0
2024-10-05,4,202404040103,ルソレイユ,亀田温心,[西]北出成人,30.3,0.1038796732996377,3.1475541009790224,1,11.9 - 22.7 - 34.1 - 46.6 - 58.7 - 71.6 (34.1-37.5),曇,ダ,1200.0
2024-09-29,36,202436092909,マリリン,岩本怜,[地]千葉幸喜,14.0,0.7280666203894002,10.192932685451602,1,,晴,ダ,1400.0
2024-09-29,36,202436092911,ウインディ,菅原辰徳,[地]千葉幸喜,18.3,0.2545695566556938,4.658622886799197,1,,晴,ダ,1400.0
2024-09-29,36,202436092908,シュリーデービー,山本聡哉,[地]櫻田康二,9.5,0.6810594127380827,6.470064421011785,1,,晴,ダ,850.0
2024-09-28,7,202407030801,ドンパッショーネ,池添謙一,[西]斉藤崇史,6.7,0.4548574070800188,3.047544627436126,1,12.3 - 23.2 - 34.5 - 46.6 - 58.8 - 71.7 (34.5-37.2),曇,ダ,1200.0
2024-09-28,54,202454092806,ヴィナクローナ,山崎雅由,[地]田中譲二,5.2,0.7280666203894002,3.785946426024881,1,,曇,ダ,1300.0
2024-09-22,7,202407030701,タイセイスラッガー,伴啓太,[東]古賀慎明,30.1,0.2863287189495425,8.618494440381228,1,,曇,障,3000.0
2024-09-21,6,202406040608,スマイルスルー,高田潤,[西]斉藤崇史,8.7,0.463178703704608,4.029654722230089,1,,曇,障,3210.0
2024-09-16,36,202436091608,ベルセブンティーン,小林凌,[地]飯田弘道,6.5,0.61317966885306,3.9856678475448897,1,,曇,ダ,850.0
2024-09-16,6,202406040504,ニシノイストワール,三浦皇成,[東]鹿戸雄一,11.0,0.2757188443224057,3.0329072875464624,1,12.8 - 25.3 - 37.6 - 49.9 - 62.1 - 74.1 - 85.9 - 97.5 - 109.1 (37.6-35.0),曇,芝,1800.0
2024-09-15,6,202406040407,マーシヴィガラス,丹内祐次,[東]的場均,49.4,0.0711119456079858,3.512930113034498,1,11.9 - 23.1 - 35.0 - 47.5 - 59.9 - 72.1 (35.0-37.1),晴,ダ,1200.0
2024-09-15,6,202406040410,ギャラクシーナイト,菊沢一樹,[東]菊沢隆徳,160.6,0.0912242867555784,14.650620452945889,1,12.5 - 24.0 - 35.8 - 47.5 - 59.0 - 71.0 - 82.6 - 94.0 - 105.5 (35.8-34.5),晴,芝,1800.0
2024-09-15,36,202436091509,ハシュマル,塚本涼人,[地]小林義明,19.2,0.2361282145986411,4.533661720293909,1,,曇,ダ,1600.0
2024-09-14,6,202406040303,コムーネ,石神深道,[東]奥平雅士,38.6,0.1242626310182257,4.7965375573035125,1,12.1 - 22.7 - 34.0 - 45.5 - 56.8 - 68.4 (34.0-34.4),晴,芝,1200.0
2024-09-14,55,202455091406,ラジェルブ,竹吉徹,[地]山田義人,61.5,0.5208227133117742,32.03059686867412,1,,曇,ダ,1300.0
2024-09-08,36,202436090803,マグナムハート,村上忍,[地]板垣吉則,4.7,0.8805732328416278,4.138694194355651,1,,晴,ダ,1300.0
2024-09-08,36,202436090807,カマラードマリー,塚本涼人,[地]酒井仁,14.8,0.4239036884278243,6.2737745887318,1,,晴,ダ,850.0
2024-09-07,6,202406040108,ウンガイソウテン,横山武史,[東]田村康仁,10.2,0.3042751468059995,3.1036064974211945,1,12.5 - 23.9 - 36.7 - 49.7 - 62.2 - 74.5 - 87.0 - 99.7 - 112.6 (36.7-38.1),晴,ダ,1800.0
2024-09-07,7,202407030105,タイセイカレント,西村淳也,[西]矢作芳人,13.2,0.2395954145106893,3.1626594715410987,1,13.4 - 25.3 - 37.8 - 50.1 - 62.6 - 74.3 - 85.2 - 96.5 (37.8-33.9),晴,芝,1600.0
2024-09-07,46,202446090703,エコログレイト,中島龍也,[地]鋤田誠二,44.2,0.4827426215055456,21.337223870545117,1,,晴,ダ,1400.0
2024-09-01,4,202404030808,ノーブルラン,石田拓郎,[東]尾形和幸,79.2,0.038115990023619,3.018786409870625,1,12.8 - 23.9 - 36.5 - 49.6 - 62.2 - 75.0 - 87.7 - 99.8 - 112.9 (36.5-37.9),晴,ダ,1800.0
2024-08-31,1,202401020709,クラヴィコード,横山武史,[西]中村直也,17.3,0.2273854401682216,3.933768114910234,1,6.8 - 18.2 - 30.6 - 43.2 - 55.4 - 67.5 - 79.4 - 91.2 - 103.6 (30.6-36.1),曇,ダ,1700.0
2024-08-25,4,202404030602,ウヌボレヤサン,藤田菜七,[東]本間忍,103.6,0.0515779587300874,5.343476524437055,1,12.9 - 24.2 - 36.9 - 50.3 - 63.2 - 76.1 - 89.0 - 101.5 - 114.6 (36.9-38.5),曇,ダ,1800.0
2024-08-25,1,202401020603,サベージラヴ,小林勝太,[東]伊藤圭三,67.5,0.0941144244869909,6.352723652871886,1,12.6 - 23.4 - 34.8 - 46.5 - 58.7 (34.8-35.3),晴,ダ,1000.0
2024-08-24,7,202407020506,ボックスオフィス,和田竜二,[西]吉村圭司,172.6,0.0453540391482654,7.828107156990607,1,13.3 - 24.6 - 38.4 - 50.9 - 63.0 - 75.6 - 88.6 - 101.2 - 114.4 (38.4-38.8),晴,ダ,1800.0
2024-08-24,7,202407020505,ショウナンラフィネ,鮫島克駿,[西]高野友和,60.4,0.1309513263481358,7.909460111427403,1,13.0 - 24.4 - 36.4 - 48.5 - 60.6 - 72.3 - 83.6 - 95.1 (36.4-34.5),晴,芝,1600.0
2024-08-18,4,202404030405,パッションリッチ,菅原明良,[東]久保田貴,24.5,0.1538871331971683,3.770234763330623,1,13.0 - 24.6 - 36.9 - 49.7 - 62.5 - 75.0 - 86.6 - 97.9 - 109.5 (36.9-34.5),晴,芝,1800.0
2024-08-18,1,202401020409,リフレクトザムーン,小林勝太,[東]尾形和幸,35.8,0.1237259199908006,4.429387935670661,1,6.8 - 18.1 - 30.4 - 42.9 - 55.2 - 67.7 - 80.2 - 92.8 - 106.2 (30.4-38.5),晴,ダ,1700.0
2024-08-17,4,202404030301,シャンドゥレール,伴啓太,[東]国枝栄,22.6,0.332963790811664,7.524981672343607,1,,晴,障,2850.0
2024-08-11,1,202401020210,パトリックハンサム,丹内祐次,[東]菊沢隆徳,123.5,0.0269656156604266,3.330253534062685,1,12.8 - 23.9 - 35.6 - 47.8 - 59.8 - 71.7 - 83.2 - 94.9 - 107.0 - 119.6 (35.6-36.4),晴,芝,2000.0
2024-08-10,7,202407020102,アーデルリーベ,幸英明,[西]斉藤崇史,6.9,0.4506455340559463,3.1094541849860295,1,12.1 - 22.6 - 34.3 - 46.7 - 59.1 - 72.2 (34.3-37.9),晴,ダ,1200.0
2024-08-04,1,202401010603,スプリングデイ,黛弘人,[東]伊藤大士,23.5,0.1505206140111289,3.537234429261529,1,12.2 - 22.9 - 34.3 - 46.1 - 57.9 - 70.1 (34.3-35.8),曇,芝,1200.0
2024-08-04,1,202401010604,ソルアマゾン,石川倭,[西]小栗実,43.5,0.258764130071863,11.25623965812604,1,7.1 - 17.9 - 30.4 - 42.7 - 55.0 - 67.4 - 80.3 - 93.6 - 107.5 (30.4-40.1),曇,ダ,1700.0
2024-08-03,54,202454080302,ジャガーノート,畑中信司,[地]別府真司,14.7,0.2531351590347635,3.721086837811024,1,,晴,ダ,1300.0
2024-08-03,54,202454080312,ノーブルシェイド,濱尚美,[地]那俄性哲,22.2,0.1756675673838679,3.8998199959218676,1,,晴,ダ,1300.0
2024-08-03,4,202404020305,サダムオプシス,藤懸貴志,[西]平田修,103.6,0.0420245433361975,4.35374268963006,1,12.3 - 22.7 - 34.1 - 46.5 - 59.0 - 71.3 - 84.1 - 96.3 - 107.7 - 119.8 (34.1-35.7),晴,芝,2000.0
2024-08-03,4,202404020310,ハッピーデービー,大江原比,[東]鈴木伸尋,55.0,0.1031131609193728,5.671223850565504,1,12.0 - 22.4 - 33.4 - 45.5 - 56.9 - 68.5 (33.4-35.1),晴,芝,1200.0
2024-07-28,46,202446072809,カレイジャス,中島龍也,[地]藤田弘治,5.1,0.709149445329285,3.6166621711793536,1,,曇,ダ,1500.0
2024-07-28,46,202446072802,ロジシップ,栗原大河,[地]野田幸雄,7.8,0.6079739621643874,4.7421969048822215,1,,曇,ダ,1400.0
2024-07-28,46,202446072805,シュネルン,池田敦,[地]高橋俊之,24.6,0.1273829360111011,3.133620225873087,1,,曇,ダ,1400.0
2024-07-28,46,202446072808,サウスシーパール,栗原大河,[地]菅原欣也,10.8,0.5107843958257414,5.516471474918008,1,,曇,ダ,1400.0
2024-07-27,54,202454072707,スリールサンセール,城野慈尚,[地]工藤真司,29.5,0.5183544752211772,15.291457019024726,1,,晴,ダ,1600.0
2024-07-27,1,202401010304,ダイタジャスティス,小林勝太,[東]小野次郎,104.6,0.0990902948801224,10.364844844460803,1,7.0 - 17.7 - 29.7 - 42.3 - 55.0 - 67.6 - 80.5 - 93.3 - 106.7 (29.7-39.1),曇,ダ,1700.0
2024-07-27,4,202404020108,ダノンピレネー,松若風馬,[西]高柳大輔,37.0,0.0813869061620167,3.011315527994618,1,12.8 - 23.9 - 36.6 - 49.7 - 62.3 - 74.6 - 87.6 - 99.4 - 111.9 (36.6-37.3),曇,ダ,1800.0
2024-07-20,3,202403020708,ノーブルマルシェ,木幡巧也,[東]久保田貴,121.7,0.0362987717357835,4.417560520244852,1,7.1 - 17.8 - 29.5 - 41.9 - 54.4 - 67.1 - 80.1 - 93.5 - 106.5 (29.5-39.4),曇,ダ,1700.0
2024-07-20,1,202401010109,ミヤビブレイブ,横山和生,[東]小島茂之,17.1,0.2441912702471906,4.175670721226959,1,12.4 - 24.0 - 36.5 - 48.8 - 60.3 - 72.0 - 83.6 - 95.2 - 107.4 (36.5-35.4),晴,芝,1800.0
2024-07-14,10,202410030605,トップオンザヒル,田口貫太,[西]岡田稲男,26.9,0.148921029825499,4.005975702305923,1,13.2 - 25.2 - 37.3 - 50.5 - 63.6 - 76.1 - 88.7 - 101.4 - 114.3 - 127.1 (37.3-38.4),雨,芝,2000.0
2024-07-14,2,202402011210,レッドラグラス,藤岡佑介,[西]中内田充,9.1,0.3729514259739022,3.3938579763625096,1,7.1 - 17.8 - 29.2 - 41.7 - 54.4 - 66.8 - 79.6 - 92.4 - 105.4 (29.2-38.6),晴,ダ,1700.0
2024-07-14,3,202403020611,カリボール,杉原誠人,[西]西村真幸,37.1,0.0949701356697644,3.523392033348259,1,12.4 - 22.9 - 34.1 - 45.8 - 57.3 - 68.8 (34.1-34.7),小雨,芝,1200.0
2024-07-14,2,202402011202,マテンロウノカゼ,横山和生,[西]昆貢,25.6,0.1672596948411202,4.281848187932677,1,6.9 - 18.2 - 30.3 - 42.9 - 55.6 - 67.7 - 80.4 - 93.4 - 106.9 (30.3-39.2),晴,ダ,1700.0
2024-07-13,10,202410030511,クレスコジョケツ,藤懸貴志,[西]木原一良,123.0,0.1258219499964247,15.476099849560239,1,6.9 - 17.8 - 29.6 - 41.9 - 54.1 - 66.3 - 78.6 - 90.9 - 103.5 (29.6-37.2),雨,ダ,1700.0
2024-07-13,3,202403020507,ヨーカイディスコ,三浦皇成,[東]斎藤誠,6.5,0.528694907770818,3.4365169005103167,1,9.6 - 20.5 - 31.5 - 43.3 - 55.6 - 68.1 (31.5-36.6),晴,ダ,1150.0
2024-07-07,10,202410030405,ジョバンニ,松山弘平,[西]杉山晴紀,10.8,0.3620383672212258,3.910014365989239,1,13.2 - 24.7 - 37.6 - 50.4 - 62.9 - 75.2 - 87.3 - 98.9 - 110.1 (37.6-34.9),晴,芝,1800.0
2024-07-07,3,202403020408,ユイノマチブセ,木幡初也,[東]竹内正洋,21.5,0.1399503285604662,3.008932064050023,1,7.3 - 18.3 - 29.9 - 42.5 - 55.2 - 67.6 - 80.1 - 93.0 - 106.0 (29.9-38.4),晴,ダ,1700.0
2024-07-07,2,202402011002,ピクラリーダ,川端海翼,[東]森一誠,88.0,0.0836430239807062,7.360586110302145,1,7.1 - 18.1 - 29.6 - 41.7 - 54.2 - 66.6 - 79.1 - 92.1 - 105.3 (29.6-38.7),小雨,ダ,1700.0
2024-06-30,3,202403020204,コッレヴェッキオ,西塚洸二,[東]高橋文雅,13.4,0.2451777497827468,3.285381847088807,1,7.3 - 18.8 - 31.2 - 44.7 - 58.3 - 71.0 - 83.8 - 96.6 - 108.7 (31.2-37.7),曇,ダ,1700.0
2024-06-30,2,202402010802,プルーヴンウィナー,佐々木大,[西]矢作芳人,15.6,0.3540937769256847,5.523862920040681,1,6.9 - 17.5 - 29.0 - 42.0 - 55.2 - 67.7 - 80.8 - 93.8 - 107.2 (29.0-39.5),晴,ダ,1700.0
2024-06-29,2,202402010706,アースミューズ,小林勝太,[東]粕谷昌央,44.0,0.145456002993415,6.400064131710259,1,12.6 - 23.4 - 35.2 - 47.3 - 59.8 (35.2-36.4),晴,ダ,1000.0
2024-06-29,3,202403020102,ウェルキン,石田拓郎,[東]新開幸一,217.7,0.0171825919800994,3.7406502740676397,1,7.2 - 18.3 - 29.6 - 42.3 - 55.1 - 67.5 - 80.3 - 93.8 - 107.4 (29.6-39.9),晴,ダ,1700.0
2024-06-23,8,202408040802,バトンインディ,幸英明,[西]安達昭夫,44.5,0.1114703296379395,4.960429668888308,1,12.4 - 23.5 - 36.5 - 49.7 - 62.5 - 75.0 - 87.6 - 99.8 - 112.1 (36.5-37.1),小雨,ダ,1800.0
2024-06-22,5,202405030711,マイネルモーント,石川裕紀,[東]高木登,15.7,0.3060621714369798,4.805176091560583,1,12.9 - 24.7 - 37.0 - 49.2 - 60.9 - 72.3 - 83.3 - 94.5 - 106.1 (37.0-33.8),晴,芝,1800.0
2024-06-22,8,202408040708,クリノキングマン,酒井学,[西]高橋康之,35.3,0.0950967356367662,3.3569147679778464,1,11.9 - 22.8 - 34.6 - 46.9 - 58.9 - 71.0 - 83.4 (34.6-36.5),曇,ダ,1400.0
2024-06-22,8,202408040704,ニホンピロマリンバ,田口貫太,[西]安達昭夫,54.3,0.0938129867874315,5.09404518255753,1,7.0 - 18.4 - 29.7 - 42.9 - 56.1 - 69.5 - 82.6 - 95.7 - 108.5 - 121.6 (29.7-39.0),晴,ダ,1900.0
2024-06-16,2,202402010407,ミッキーマカロン,菱田裕二,[西]大久保龍,29.2,0.1312156638182474,3.831497383492824,1,6.9 - 17.8 - 29.7 - 42.3 - 55.0 - 67.7 - 80.1 - 92.6 - 105.3 (29.7-37.6),曇,ダ,1700.0
2024-06-16,2,202402010403,バッファローライズ,永野猛蔵,[東]伊藤圭三,11.7,0.3281972631155251,3.8399079784516434,1,12.3 - 23.5 - 35.4 - 47.3 - 59.4 (35.4-35.9),曇,ダ,1000.0
2024-06-15,8,202408040501,タマモワカムシャ,大江原圭,[西]川村禎彦,24.0,0.1252976859075445,3.007144461781068,1,,晴,障,3170.0
2024-06-15,2,202402010302,ヨリナエスポワール,古川吉洋,[東]牧光二,103.4,0.0448398871592439,4.636444332265819,1,6.9 - 17.9 - 29.9 - 42.2 - 54.7 - 67.3 - 80.1 - 93.1 - 106.4 (29.9-39.1),晴,ダ,1700.0
2024-06-09,8,202408040407,レアンダー,国分優作,[西]大根田裕,166.4,0.0400608567232382,6.666126558746837,1,12.1 - 23.2 - 36.3 - 49.3 - 62.2 - 75.0 - 87.6 - 99.9 - 113.0 (36.3-38.0),曇,ダ,1800.0
2024-06-09,5,202405030410,サンテックス,岩田望来,[西]浜田多実,55.7,0.1539112108264175,8.572854443031456,1,12.4 - 23.6 - 35.5 - 47.6 - 60.1 - 72.0 - 83.6 - 96.1 (35.5-36.0),曇,ダ,1600.0
2024-06-08,8,202408040305,サニーサルサ,永島まな,[西]高橋康之,29.0,0.1244295218600386,3.6084561339411194,1,12.1 - 23.3 - 34.4 - 45.9 - 57.5 - 69.6 - 81.5 - 94.1 (34.4-36.6),晴,芝,1600.0
2024-06-02,36,202436060201,ステイクラッシー,高橋悠里,[地]伊藤和忍,6.2,0.5061863083805518,3.138355111959421,1,,曇,ダ,850.0
2024-06-01,54,202454060111,ラリック,木村直輝,[地]胡本友晴,31.1,0.5047824129226546,15.698733041894558,1,,晴,ダ,1300.0
2024-06-01,54,202454060110,トウカイラメール,井上瑛太,[地]西川敏弘,22.8,0.2558684540184195,5.8338007516199655,1,,晴,ダ,1300.0
2024-06-01,54,202454060109,コスモシーウルフ,佐原秀泰,[地]目迫大輔,6.7,0.4950911977006275,3.317111024594204,1,,晴,ダ,1300.0
2024-05-25,54,202454052508,グリーリー,佐原秀泰,[地]中西達也,10.0,0.5681212813867418,5.681212813867418,1,,晴,ダ,1400.0
2024-05-25,54,202454052507,ユメノサキ,嬉勝則,[地]田中譲二,110.9,0.0675748481898418,7.494050664253456,1,,晴,ダ,1400.0
2024-05-25,54,202454052501,スウィバンビーナ,山崎雅由,[地]西川敏弘,52.2,0.5625194477951275,29.363515174905658,1,,晴,ダ,1300.0
2024-05-25,5,202405021101,オルゴーリオ,菊沢一樹,[東]菊沢隆徳,49.0,0.0879862579268739,4.311326638416821,1,12.6 - 23.7 - 35.7 - 48.2 - 60.9 - 72.8 - 84.8 (35.7-36.6),曇,ダ,1400.0
2024-05-25,54,202454052503,メイジョウソリッド,石本純也,[地]田中伸一,22.2,0.4884673516894682,10.843975207506194,1,,晴,ダ,1300.0
2024-05-19,4,202404010801,ドナレア,荻野極,[東]高木登,53.4,0.2524747899093308,13.482153781158265,1,11.9 - 22.6 - 34.5 - 47.2 - 59.5 - 72.7 (34.5-38.2),晴,ダ,1200.0
2024-05-18,8,202408030903,マテンロウブラボー,岩田望来,[西]野中賢二,13.7,0.227982914837492,3.1233659332736403,1,12.5 - 23.7 - 36.7 - 50.0 - 63.2 - 76.4 - 89.3 - 102.0 - 114.5 (36.7-38.1),晴,ダ,1800.0
2024-05-12,5,202405020811,テンハッピーローズ,津村明秀,[西]高柳大輔,208.6,0.0271090033461578,5.654938098008517,1,12.2 - 22.7 - 33.8 - 45.4 - 56.8 - 68.4 - 80.1 - 91.8 (33.8-35.0),曇,芝,1600.0
2024-05-11,5,202405020706,スタンリーテソーロ,菅原明良,[東]稲垣幸雄,107.1,0.0357171616503888,3.8253080127566403,1,12.2 - 23.7 - 35.7 - 47.6 - 59.6 - 71.7 - 83.9 - 96.3 (35.7-36.7),晴,ダ,1600.0
2024-05-05,8,202408030608,ペイシャモノノフ,酒井学,[西]畑端省吾,82.8,0.0389508342017466,3.2251290719046186,1,7.1 - 17.7 - 28.8 - 42.2 - 55.9 - 70.0 - 82.4 - 94.6 - 107.2 - 119.8 (28.8-37.4),晴,ダ,1900.0
2024-05-04,4,202404010304,レッドスパロー,上野翔,[東]水野貴広,12.2,0.2733814754268026,3.3352540002069913,1,,晴,障,2890.0
2024-05-04,4,202404010308,アイファーグローブ,秋山稔樹,[東]蛯名利弘,154.1,0.0377698290320171,5.820330653833835,1,12.7 - 24.1 - 37.8 - 51.6 - 64.2 - 76.5 - 89.3 - 101.7 - 114.5 (37.8-38.0),晴,ダ,1800.0
2024-05-04,5,202405020503,サンリコリス,岩部純二,[東]萱野浩二,63.4,0.1244585110015788,7.8906695975000956,1,7.0 - 18.2 - 29.7 - 41.8 - 53.8 - 65.8 - 78.3 (29.7-36.5),晴,ダ,1300.0
2024-05-04,8,202408030504,ウインラウダ,Ｍ．デム,[西]梅田智之,12.7,0.2828876249809759,3.592672837258394,1,12.2 - 23.0 - 35.6 - 48.3 - 61.3 - 74.6 - 87.7 - 100.7 - 113.8 (35.6-39.2),晴,ダ,1800.0
2024-04-28,5,202405020402,クレイジーディス,津村明秀,[東]千葉直人,12.3,0.2795271602161803,3.438184070659018,1,12.5 - 23.5 - 35.5 - 47.9 - 60.4 - 72.6 - 85.4 (35.5-37.5),晴,ダ,1400.0
2024-04-28,8,202408030403,ドゥーカスコーリ,和田竜二,[西]石坂公一,84.0,0.0798715608924667,6.709211114967204,1,12.2 - 23.1 - 34.7 - 46.3 - 57.9 - 69.6 - 81.6 (34.7-35.3),晴,芝,1400.0
2024-04-21,3,202403010611,アシャカタカ,小林美駒,[東]鈴木伸尋,15.6,0.227982914837492,3.556533471464875,1,12.1 - 23.1 - 34.2 - 45.5 - 56.9 - 68.7 (34.2-34.5),晴,芝,1200.0
2024-04-21,3,202403010605,デアパーディタ,小林美駒,[東]武井亮,32.3,0.0949249941929095,3.0660773124309766,1,12.3 - 23.3 - 35.0 - 47.6 - 59.7 - 71.6 - 83.5 - 95.6 - 107.9 (35.0-36.3),晴,芝,1800.0
2024-04-21,3,202403010601,ワークソング,古川奈穂,[西]牧浦充徳,6.2,0.5314109758728247,3.2947480504115134,1,9.7 - 20.6 - 31.6 - 43.6 - 56.5 - 69.2 (31.6-37.6),曇,ダ,1150.0
2024-04-21,8,202408030202,フレイミングパイ,柴田裕一,[西]中竹和也,19.9,0.2013176856543796,4.006221944522154,1,12.5 - 23.6 - 35.2 - 47.4 - 59.8 - 72.9 (35.2-37.7),曇,ダ,1200.0
2024-04-21,5,202405020202,ロサンゼルス,岩田望来,[東]伊藤圭三,68.7,0.1324507885128097,9.099369170830027,1,12.2 - 23.5 - 35.6 - 48.1 - 60.7 - 73.1 - 85.8 - 99.1 (35.6-38.4),晴,ダ,1600.0
2024-04-14,9,202409020808,サザーランド,藤懸貴志,[西]小林真也,45.4,0.0741981602842558,3.3685964769052132,1,12.3 - 23.2 - 35.4 - 47.7 - 60.1 - 72.0 - 85.1 (35.4-37.4),晴,ダ,1400.0
2024-04-13,9,202409020706,ジョーローリット,岩田康誠,[西]中竹和也,42.7,0.0790514543944991,3.3754971026451117,1,12.0 - 23.2 - 34.9 - 46.7 - 58.6 - 71.9 (34.9-37.0),晴,ダ,1200.0
2024-04-13,9,202409020710,ロードラディウス,松山弘平,[西]森田直行,18.1,0.241352209729757,4.368474996108602,1,12.2 - 22.8 - 34.5 - 46.6 - 58.7 - 70.9 - 83.7 (34.5-37.1),晴,ダ,1400.0
2024-04-07,9,202409020606,ウイニンググレイス,幸英明,[西]河嶋宏樹,26.2,0.1636693661148962,4.28813739221028,1,12.7 - 24.4 - 38.2 - 51.1 - 63.7 - 76.2 - 88.3 - 100.3 - 113.1 (38.2-36.9),晴,ダ,1800.0
2024-04-07,3,202403010209,ナイトアクアリウム,長岡禎仁,[西]杉山佳明,14.5,0.2192808425362062,3.17957221677499,1,6.9 - 18.2 - 30.3 - 43.4 - 56.1 - 68.0 - 80.9 - 93.3 - 106.1 (30.3-38.1),晴,ダ,1700.0
2024-03-31,36,202436033101,クリノカグヤ,岩本怜,[地]菅原勲,7.0,0.4658875330724168,3.2612127315069177,1,,晴,ダ,1300.0
2024-03-30,36,202436033009,アナンクス,村上忍,[地]板垣吉則,54.4,0.3225757788607065,17.548122370022433,1,,曇,ダ,1600.0
2024-03-30,36,202436033006,ネクストレベル,山本政聡,[地]小西重征,7.2,0.5461987612954227,3.932631081327043,1,,曇,ダ,1300.0
2024-03-30,36,202436033001,ボルケーノペスカ,高橋悠里,[地]佐藤雅彦,10.5,0.786033391051159,8.25335060603717,1,,曇,ダ,850.0
2024-03-30,36,202436033011,ソルデベラーノ,鈴木祐,[地]櫻田康二,9.4,0.528694907770818,4.969732133045689,1,,曇,ダ,1600.0
2024-03-30,6,202406030309,ダイシンアポロン,Ｍ．デム,[東]戸田博文,27.0,0.1356951092147441,3.6637679487980903,1,12.7 - 24.0 - 36.5 - 49.5 - 62.4 - 75.3 - 87.7 - 99.8 - 111.4 - 123.2 - 135.1 (36.5-35.3),晴,芝,2200.0
2024-03-24,9,202409020212,オーガスタスカイ,団野大成,[西]斉藤崇史,53.2,0.0596585436188146,3.173834520520937,1,12.4 - 23.2 - 34.9 - 46.9 - 58.8 - 71.0 (34.9-36.1),曇,ダ,1200.0
2024-03-23,9,202409020101,プリンセスカレン,田口貫太,[西]大橋勇樹,16.2,0.2027879821026215,3.2851653100624683,1,12.3 - 23.2 - 35.1 - 47.4 - 59.6 - 72.2 (35.1-37.1),雨,ダ,1200.0
2024-03-17,9,202409010809,サウンドブライアン,菅原明良,[西]村山明,38.1,0.1026319683657921,3.910277994736679,1,12.4 - 23.2 - 34.4 - 46.0 - 57.7 - 69.1 - 81.1 (34.4-35.1),雨,芝,1400.0
2024-03-17,7,202407010401,サトノアイオライト,角田大河,[西]吉村圭司,57.7,0.0965940601270144,5.57347726932873,1,12.8 - 24.1 - 37.7 - 50.7 - 63.2 - 75.9 - 88.5 - 100.6 - 113.9 (37.7-38.0),曇,ダ,1800.0
2024-03-16,6,202406020707,ショウナンガロ,菅原明良,[東]武市康男,41.0,0.1273034145598359,5.219439996953272,1,12.9 - 24.4 - 37.1 - 50.1 - 62.7 - 75.1 - 88.0 - 100.6 - 114.2 (37.1-39.1),晴,ダ,1800.0
2024-03-16,7,202407010310,ラリュエル,北村友一,[西]矢作芳人,51.2,0.0709779229535445,3.634069655221479,1,12.5 - 23.7 - 35.3 - 47.1 - 58.7 - 70.3 - 81.4 - 93.1 (35.3-34.4),晴,芝,1600.0
2024-03-10,9,202409010611,エトヴプレ,藤岡佑介,[西]藤岡健一,35.2,0.2206217749345085,7.7658864776947,1,12.0 - 22.7 - 33.8 - 45.0 - 56.4 - 68.1 - 80.1 (33.8-35.1),晴,芝,1400.0
2024-03-03,6,202406020406,ユキワリザクラ,戸崎圭太,[東]田中剛,18.0,0.2129755946095285,3.833560702971513,1,12.5 - 23.4 - 35.8 - 48.4 - 61.1 - 73.4 - 85.7 - 97.9 - 109.5 - 121.4 (35.8-35.7),晴,芝,2000.0
2024-03-03,10,202410020804,アイスジャイアント,伴啓太,[東]高柳瑞樹,13.6,0.331187491836275,4.50414988897334,1,,曇,障,2860.0
2024-03-03,10,202410020810,メイショウフンケイ,小沢大仁,[西]高橋亮,34.2,0.1095673727445045,3.747204147862054,1,12.0 - 22.9 - 34.4 - 45.9 - 57.3 - 69.0 (34.4-34.6),曇,芝,1200.0
2024-03-03,10,202410020801,ラブカムーン,永島まな,[西]千田輝彦,115.6,0.0287101735453095,3.318896061837778,1,11.9 - 22.8 - 34.4 - 46.1 - 57.7 - 70.0 (34.4-35.6),曇,芝,1200.0
2024-03-02,9,202409010304,ラウダブル,西村淳也,[西]池江泰寿,47.6,0.1228614904665052,5.848206946205647,1,12.6 - 23.8 - 35.8 - 48.2 - 60.3 - 72.2 - 83.5 - 95.5 - 108.0 (35.8-35.8),曇,芝,1800.0
2024-02-25,9,202409010212,サクハル,長岡禎仁,[西]今野貞一,31.3,0.1352413528903838,4.2330543454690135,1,12.3 - 23.0 - 34.6 - 46.5 - 58.4 - 71.0 (34.6-36.4),小雨,ダ,1200.0
2024-02-25,9,202409010205,ネグレスコ,ルメート,[西]西園正都,11.8,0.2680805586919937,3.163350592565526,1,12.3 - 23.2 - 35.3 - 47.3 - 58.9 - 71.2 (35.3-35.9),小雨,ダ,1200.0
2024-02-24,9,202409010112,ウォータールグラン,松山弘平,[西]河内洋,20.1,0.1673486954085498,3.3637087777118513,1,12.0 - 22.5 - 33.3 - 44.2 - 55.8 - 68.2 (33.3-34.9),晴,芝,1200.0
2024-02-24,9,202409010109,サンライズアース,Ｍ．デム,[西]石坂公一,14.2,0.2200678435958809,3.124963379061509,1,12.6 - 23.2 - 34.5 - 47.2 - 60.2 - 73.5 - 85.5 - 97.0 - 108.2 - 120.0 - 132.0 (34.5-35.0),晴,芝,2200.0
2024-02-18,5,202405010802,ニシノコルベット,武藤雅,[東]水野貴広,25.7,0.1270476200151676,3.265123834389807,1,7.2 - 18.4 - 31.2 - 44.4 - 57.4 - 70.7 - 83.5 - 96.2 - 109.1 - 121.7 - 134.9 (31.2-38.7),晴,ダ,2100.0
2024-02-17,8,202408020708,アドバンスファラオ,西村淳也,[西]森秀行,63.7,0.2070389453952759,13.188380821679075,1,12.0 - 22.8 - 34.2 - 46.1 - 58.3 - 70.6 - 83.6 (34.2-37.5),晴,ダ,1400.0
2024-02-11,10,202410020206,セイウンティーダ,佐々木大,[東]松山将樹,22.3,0.1697237863711453,3.78484043607654,1,12.2 - 23.2 - 34.5 - 45.9 - 57.4 - 68.9 (34.5-34.4),晴,芝,1200.0
2024-02-11,10,202410020204,ルリアン,小牧加矢,[西]佐々木晶,5.7,0.5371593310997557,3.0618081872686074,1,,晴,障,2860.0
2024-02-10,8,202408020505,テーオーダグラス,永島まな,[西]須貝尚介,27.3,0.1290065274370442,3.5218781990313066,1,12.7 - 24.7 - 37.3 - 50.1 - 62.7 - 75.1 - 87.2 - 98.7 - 110.5 - 122.5 (37.3-35.3),曇,芝,2000.0
2024-02-10,5,202405010510,ヴェルトハイム,戸崎圭太,[西]友道康夫,11.8,0.3128873784606661,3.69207106583586,1,12.2 - 22.9 - 34.1 - 45.9 - 57.5 - 68.8 - 80.3 (34.1-34.4),晴,芝,1400.0
2024-02-10,10,202410020104,ユーベルント,大庭和弥,[東]堀内岳志,45.7,0.0681939207958998,3.1164621803726207,1,,晴,障,2860.0
2024-02-04,10,202410010808,アルタビスタ,藤岡康太,[西]松永幹夫,24.0,0.1721586565314601,4.131807756755042,1,6.9 - 18.1 - 29.9 - 42.8 - 55.2 - 67.0 - 79.4 - 92.2 - 105.7 (29.9-38.7),曇,ダ,1700.0
2024-02-03,8,202408020301,モイラ,和田竜二,[西]鈴木孝志,15.3,0.3081266348683035,4.714337513485043,1,12.6 - 23.9 - 35.8 - 48.0 - 60.1 - 72.6 (35.8-36.8),曇,ダ,1200.0
2024-02-03,10,202410010705,ニシノフウジン,水沼元輝,[東]中野栄治,9.4,0.3279440713826522,3.0826742709969306,1,,曇,障,2860.0
2024-01-27,5,202405010105,リメリック,津村明秀,[東]宗像義忠,164.7,0.0762905500420065,12.565053591918469,1,12.8 - 23.6 - 35.1 - 47.2 - 59.6 - 71.5 - 83.0 - 94.7 (35.1-35.1),晴,芝,1600.0
2024-01-21,8,202408010705,ジャンヌローサ,ルメート,[東]蛯名正義,34.9,0.1873779633331048,6.539490920325357,1,12.1 - 23.6 - 35.1 - 48.1 - 61.4 - 73.8 - 85.6 - 98.0 (35.1-36.6),曇,芝,1600.0
2024-01-20,10,202410010303,ニシノルミリオン,武藤雅,[東]武藤善則,12.9,0.2819230682482955,3.636807580403012,1,12.1 - 22.8 - 33.9 - 46.1 - 58.9 (33.9-36.1),雨,ダ,1000.0
2024-01-14,10,202410010209,ウインシュクラン,丹内祐次,[東]鹿戸雄一,22.3,0.1493342052494119,3.3301527770618855,1,12.8 - 24.5 - 36.5 - 49.4 - 61.5 - 73.4 - 85.1 - 96.4 - 108.0 - 119.7 (36.5-34.6),晴,芝,2000.0
2024-01-07,54,202454010705,クレフェノー,吉原寛人,[地]宮路洋一,4.3,0.7240022963870176,3.1132098744641756,1,,晴,ダ,1300.0
2024-01-07,8,202408010211,テーオーステルス,川田将雅,[西]奥村豊,11.2,0.269917549297725,3.0230765521345195,1,11.9 - 22.7 - 34.7 - 47.1 - 59.4 - 71.7 - 84.5 (34.7-37.4),晴,ダ,1400.0
2024-01-07,6,202406010203,ウインイメル,黛弘人,[東]深山雅史,46.9,0.0820610010076882,3.848660947260577,1,12.9 - 24.7 - 37.7 - 51.2 - 64.2 - 77.1 - 90.1 - 103.6 - 117.7 (37.7-40.6),曇,ダ,1800.0
2024-01-06,6,202406010104,マコタイガ,吉田豊,[東]小野次郎,58.6,0.0832450970819651,4.8781626890031555,1,12.9 - 24.7 - 38.6 - 52.2 - 65.2 - 77.9 - 90.6 - 104.0 - 117.8 (38.6-39.9),晴,ダ,1800.0
2024-01-06,55,202455010607,ベラストレーガ,小林凌,[地]三小田幸,8.8,0.516673141903792,4.54672364875337,1,,晴,ダ,1300.0
2023-12-28,6,202306050906,タッカー,永野猛蔵,[東]清水英克,18.7,0.1617026809618948,3.0238401339874326,1,12.2 - 23.0 - 34.8 - 47.5 - 60.2 - 73.5 (34.8-38.7),曇,ダ,1200.0
2023-12-28,9,202309050904,ドンカルロ,小野寺祐,[西]高柳大輔,8.6,0.3716875543341144,3.1965129672733834,1,,晴,障,2970.0
2023-12-24,36,202336122406,フェスティヴメノコ,高橋悠里,[地]伊藤和忍,13.0,0.3502277236314589,4.552960407208966,1,,曇,ダ,850.0
2023-12-24,36,202336122401,スペースソニック,山本政聡,[地]斉藤雄一,19.4,0.5748499639709228,11.152089301035902,1,,晴,ダ,1300.0
2023-12-24,36,202336122405,エスプレッシーボ,佐々木志,[地]佐藤祐司,27.9,0.3848749409451149,10.738010852368705,1,,曇,ダ,850.0
2023-12-16,7,202307040505,メッエフアパラ,河原田菜,[東]辻哲英,91.6,0.1769222463159274,16.20607776253895,1,13.3 - 24.3 - 37.8 - 51.5 - 65.0 - 78.1 - 90.4 - 102.4 - 114.7 (37.8-36.6),曇,ダ,1800.0
2023-12-03,7,202307040207,シャドウアイル,岩田望来,[西]斉藤崇史,60.8,0.0552131849425493,3.356961644506997,1,12.9 - 24.0 - 37.5 - 49.6 - 61.6 - 74.1 - 87.2 - 100.3 - 114.4 (37.5-40.3),晴,ダ,1800.0
2023-12-02,6,202306050111,アイアンバローズ,石橋脩,[西]上村洋行,19.2,0.1661895676304356,3.1908396985043637,1,13.0 - 24.3 - 37.7 - 51.2 - 63.9 - 75.5 - 87.8 - 101.0 - 113.7 - 126.8 - 139.9 - 153.0 - 165.3 - 177.6 - 189.8 - 201.7 - 213.4 - 225.4 (37.7-35.6),晴,芝,3600.0
2023-12-02,9,202309050103,ルミッキ,坂井瑠星,[西]加用正,43.5,0.0831623197721891,3.617560910090226,1,12.3 - 23.3 - 35.1 - 47.5 - 59.8 - 71.6 - 82.6 - 94.2 (35.1-34.4),晴,芝,1600.0
2023-11-26,36,202336112605,キープシャイン,村上忍,[地]菅原勲,4.6,0.7289852730331294,3.3533322559523953,1,,晴,ダ,1300.0
2023-11-26,36,202336112607,メイショウカチゴマ,山本聡哉,[地]佐藤浩一,5.6,0.5561069180439703,3.1141987410462333,1,,晴,ダ,850.0
2023-11-26,36,202336112608,マルルットゥ,高松亮,[地]佐藤雅彦,12.8,0.2357647971579019,3.0177894036211446,1,,晴,ダ,850.0
2023-11-25,5,202305050704,スタンリーテソーロ,原優介,[東]稲垣幸雄,30.7,0.1096883428218887,3.367432124631983,1,12.5 - 24.0 - 36.4 - 49.3 - 61.8 - 74.0 - 86.8 (36.4-37.5),曇,ダ,1400.0
2023-11-25,8,202308030702,フェリーニ,松山弘平,[西]橋口慎介,20.5,0.3800726843764485,7.791490029717194,1,12.5 - 23.9 - 36.1 - 48.9 - 61.2 - 73.1 - 84.4 - 96.1 (36.1-34.9),晴,芝,1600.0
2023-11-25,5,202305050701,ワイドブリザード,佐藤翔馬,[東]武井亮,66.8,0.1230530836807859,8.219945989876498,1,12.2 - 23.6 - 35.5 - 47.9 - 60.4 - 72.8 - 85.3 - 98.0 (35.5-37.6),晴,ダ,1600.0
2023-11-25,8,202308030707,サムハンター,横山典弘,[西]高橋康之,33.5,0.254088237087115,8.511955942418352,1,12.4 - 23.9 - 37.0 - 49.0 - 61.3 - 74.1 - 86.5 - 99.3 - 112.7 (37.0-38.6),晴,ダ,1800.0
2023-11-25,54,202354112507,コスモケルビン,岡村卓弥,[地]工藤真司,5.1,0.7020758777621523,3.5805869765869764,1,,晴,ダ,1400.0
2023-11-25,54,202354112506,グルナピーク,上田将司,[地]西川敏弘,47.0,0.0726241055942405,3.4133329629293034,1,,晴,ダ,1400.0
2023-11-25,54,202354112504,サノノクヒオ,長尾翼玖,[地]那俄性哲,10.0,0.4915538639206792,4.915538639206792,1,,晴,ダ,1300.0
2023-11-12,8,202308030404,キタノズエッジ,北村友一,[西]畑端省吾,48.1,0.1147052412606755,5.517322104638492,1,12.1 - 23.1 - 35.2 - 47.8 - 60.8 - 73.6 - 87.3 (35.2-39.5),曇,ダ,1400.0
2023-11-12,3,202303030405,スカイテラス,石神深一,[東]和田正一,13.3,0.3618462515910678,4.812555146161202,1,,曇,障,2750.0
2023-11-12,3,202303030412,リーゼントミニー,古川奈穂,[西]矢作芳人,40.2,0.268861975577736,10.808251418224987,1,9.6 - 20.3 - 31.1 - 42.9 - 55.1 - 68.1 (31.1-37.0),曇,ダ,1150.0
2023-11-11,8,202308030301,レオテミス,岩田望来,[西]高柳大輔,25.8,0.1248928066272749,3.2222344109836922,1,12.2 - 23.2 - 35.5 - 47.9 - 60.7 - 72.7 - 85.5 (35.5-37.6),曇,ダ,1400.0
2023-11-11,8,202308030305,オスカーブレーヴ,浜中俊,[西]吉村圭司,12.4,0.2732275241404411,3.3880212993414696,1,12.9 - 24.7 - 36.9 - 50.2 - 63.9 - 76.5 - 88.3 - 99.3 - 110.4 (36.9-33.9),晴,芝,1800.0
2023-11-11,5,202305050301,イーストウィッチ,石川裕紀,[東]蛯名正義,57.2,0.1355675404214544,7.754463312107193,1,12.0 - 23.0 - 35.0 - 47.7 - 60.7 - 73.6 - 86.4 - 99.5 (35.0-38.8),曇,ダ,1600.0
2023-11-05,3,202303030211,グレイトゲイナー,松本大輝,[西]森秀行,27.7,0.3844958141982351,10.650534053291112,1,12.2 - 22.9 - 33.8 - 45.4 - 57.2 - 69.6 (33.8-35.8),曇,芝,1200.0
2023-11-04,3,202303030103,フクノワカバ,鷲頭虎太,[西]杉山佳明,16.2,0.2992394136268816,4.847678500755482,1,9.4 - 20.2 - 31.3 - 43.3 - 55.7 - 69.1 (31.3-37.8),曇,ダ,1150.0
2023-11-04,3,202303030109,エクロール,荻野極,[西]長谷川浩,44.4,0.1012761712764731,4.4966620046754056,1,12.7 - 23.6 - 35.6 - 47.6 - 59.6 - 71.6 - 83.4 - 95.4 - 108.0 (35.6-36.4),曇,芝,1800.0
2023-10-29,5,202305040904,アースイオス,横山和生,[東]小西一男,51.5,0.0776639547200519,3.999693668082673,1,12.5 - 23.4 - 35.4 - 47.6 - 60.5 - 73.1 - 85.5 - 98.7 (35.4-38.2),曇,ダ,1600.0
2023-10-28,8,202308020804,メイショウザンゲツ,和田竜二,[西]鈴木孝志,40.1,0.1356864557206595,5.441026874398446,1,12.5 - 23.9 - 35.7 - 48.2 - 61.1 - 73.6 - 86.8 (35.7-38.6),晴,ダ,1400.0
2023-10-28,4,202304040506,ワイルドベティ,今村聖奈,[西]今野貞一,21.3,0.1625112968201841,3.4614906222699213,1,12.6 - 23.8 - 36.8 - 50.3 - 63.1 - 75.6 - 88.1 - 100.6 - 113.6 (36.8-38.0),小雨,ダ,1800.0
2023-10-22,8,202308020705,サンライズアース,Ｍ．デム,[西]石坂公一,50.3,0.3986554837365434,20.05237083194813,1,12.7 - 23.4 - 36.3 - 49.2 - 61.5 - 74.1 - 86.2 - 98.0 - 109.7 - 121.4 (36.3-35.2),晴,芝,2000.0
2023-10-21,4,202304040304,スヴァルナ,平沢健治,[西]池江泰寿,6.1,0.5001234296480017,3.05075292085281,1,,雨,障,3250.0
2023-10-21,8,202308020603,キャストロペペ,国分優作,[西]四位洋文,30.7,0.1341347691506151,4.117937412923883,1,12.4 - 23.7 - 37.0 - 50.2 - 63.4 - 75.7 - 88.7 - 101.9 - 115.8 (37.0-40.1),曇,ダ,1800.0
2023-10-15,4,202304040212,シャドウレディー,北村友一,[西]吉岡辰弥,43.7,0.1081964644696192,4.728185497322359,1,11.8 - 22.8 - 34.1 - 46.3 - 58.5 - 71.3 (34.1-37.2),雨,ダ,1200.0
2023-10-15,8,202308020504,シュークリーム,松山弘平,[西]西村真幸,13.8,0.3105200345878209,4.2851764773119285,1,12.6 - 24.2 - 36.2 - 47.7 - 58.7 - 70.0 (36.2-33.8),晴,芝,1200.0
2023-10-14,8,202308020411,ヴィクティファルス,池添謙一,[西]池添学,28.9,0.1676999758324126,4.846529301556724,1,12.0 - 22.9 - 35.7 - 48.1 - 60.5 - 73.0 - 85.6 - 98.1 - 111.3 (35.7-38.3),曇,ダ,1800.0
2023-10-09,35,202335100903,サンタジュリア,大坪慎,[地]櫻田浩樹,92.8,0.1713937303414694,15.90533817568836,1,,曇,ダ,1400.0
2023-10-07,5,202305040104,エンパス,石橋脩,[西]西園正都,17.0,0.2109078960044597,3.585434232075815,1,7.1 - 18.2 - 29.8 - 42.5 - 55.5 - 68.2 - 81.1 (29.8-38.6),晴,ダ,1300.0
2023-10-07,54,202354100707,ドリームプリンス,長尾翼玖,[地]細川忠義,77.7,0.1042216946017772,8.098025670558089,1,,曇,ダ,1400.0
2023-10-01,35,202335100106,ストームブレイカー,阿部英俊,[地]工藤裕孝,44.1,0.2757545845642113,12.16077717928172,1,,雨,ダ,1200.0
2023-09-30,54,202354093005,ダノンシティ,大澤誠志,[地]細川忠義,5.8,0.6356177662142575,3.686583044042693,1,,曇,ダ,1400.0
2023-09-24,9,202309040710,グレイトゲイナー,池添謙一,[西]森秀行,125.3,0.0509213296345035,6.380442603203289,1,12.3 - 23.4 - 34.5 - 45.2 - 56.2 - 67.9 (34.5-33.4),晴,芝,1200.0
2023-09-24,35,202335092408,シュテルンロット,山本政聡,[地]佐藤雅彦,12.7,0.5891971344559584,7.482803607590672,1,,晴,ダ,1200.0
2023-09-24,35,202335092402,ザブルース,鈴木祐,[地]飯田弘道,15.4,0.3771721805444368,5.808451580384327,1,,晴,芝,1000.0
2023-09-24,6,202306040712,コスモノアゼット,丹内祐次,[東]伊藤大士,49.6,0.0983121941993869,4.87628483228959,1,11.9 - 22.3 - 33.7 - 46.1 - 58.4 - 71.4 (33.7-37.7),晴,ダ,1200.0
2023-09-23,55,202355092309,アイメイドイット,倉富隆一,[地]山田義人,7.2,0.4268905392844569,3.07361188284809,1,,曇,ダ,1400.0
2023-09-23,55,202355092311,キタカラキタオペラ,倉富隆一,[地]川田孝好,20.6,0.1592469672568088,3.280487525490262,1,,曇,ダ,1300.0
2023-09-23,9,202309040604,クリノファンタジア,河原田菜,[西]石橋守,23.6,0.1924333346768272,4.5414266983731215,1,12.1 - 23.0 - 34.7 - 46.4 - 58.8 - 71.4 - 85.5 (34.7-39.1),曇,ダ,1400.0
2023-09-23,55,202355092306,コンフィテオール,飛田愛斗,[地]三小田幸,23.5,0.5398932289404907,12.687490880101532,1,,曇,ダ,1400.0
2023-09-23,55,202355092303,ハニートラップ,吉本隆記,[地]井樋明正,14.3,0.4772954422266577,6.825324823841205,1,,曇,ダ,1300.0
2023-09-18,6,202306040507,デルマオシダシ,勝浦正樹,[東]鈴木慎太,56.3,0.0813998039330069,4.582808961428288,1,12.6 - 24.0 - 36.9 - 50.5 - 63.6 - 76.9 - 90.2 - 103.1 - 115.6 (36.9-38.7),晴,ダ,1800.0
2023-09-18,35,202335091811,ヴィーグリーズ,大坪慎,[地]橘友和,26.6,0.1681464098550577,4.472694502144535,1,,曇,ダ,1200.0
2023-09-17,6,202306040404,マリンバンカー,岩部純二,[東]南田美知,51.3,0.105420827792685,5.40808846576474,1,12.6 - 23.9 - 35.8 - 47.8 - 59.2 - 70.5 (35.8-34.7),晴,芝,1200.0
2023-09-17,6,202306040401,ムーム,藤田菜七,[西]杉山佳明,16.8,0.2212406346044506,3.7168426613547703,1,12.2 - 22.8 - 34.6 - 47.3 - 60.0 - 73.2 (34.6-38.6),曇,ダ,1200.0
2023-09-17,9,202309040408,オラヴェリタス,古川奈穂,[西]寺島良,25.6,0.1855998022624372,4.751354937918392,1,12.8 - 23.5 - 36.4 - 48.7 - 61.1 - 73.9 - 86.8 - 100.1 - 114.4 (36.4-40.5),晴,ダ,1800.0
2023-09-16,9,202309040303,ナムラフッカー,鮫島克駿,[西]村山明,105.5,0.0427791205802451,4.513197221215858,1,12.8 - 23.9 - 35.6 - 49.0 - 62.2 - 74.5 - 85.7 - 96.6 - 108.3 (35.6-33.8),晴,芝,1800.0
2023-09-16,9,202309040306,ダディーズウォリア,浜中俊,[西]千田輝彦,30.7,0.1207220163539372,3.706165902065872,1,12.9 - 24.2 - 35.4 - 49.2 - 61.9 - 74.0 - 86.4 - 99.1 - 111.9 - 125.6 (35.4-39.2),晴,ダ,2000.0
2023-09-10,9,202309040211,テイエムスパーダ,富田暁,[西]木原一良,112.6,0.0293851256222052,3.3087651450603053,1,11.9 - 22.4 - 33.5 - 44.4 - 55.5 - 67.2 (33.5-33.7),曇,芝,1200.0
2023-09-10,36,202336091003,ノーザンピーク,塚本涼人,[地]酒井仁,10.6,0.4720661227693117,5.003900901354704,1,,晴,ダ,1300.0
2023-09-09,54,202354090905,シュクメルリ,永森大智,[地]中西達也,78.1,0.6317698930529725,49.34122864743715,1,,晴,ダ,1300.0
2023-09-09,9,202309040104,メイショウキルギス,池添謙一,[西]高橋亮,12.6,0.2414599127530844,3.0423949006888633,1,13.2 - 25.1 - 38.7 - 51.2 - 64.3 - 77.2 - 89.9 - 103.0 - 117.2 (38.7-40.0),晴,ダ,1800.0
2023-09-03,4,202304030805,テリオスルル,戸崎圭太,[東]田島俊明,12.6,0.2487876881825203,3.1347248710997557,1,12.8 - 24.4 - 37.0 - 50.0 - 62.9 - 75.2 - 86.8 - 98.0 - 109.6 (37.0-34.4),晴,芝,1800.0
2023-09-03,4,202304030804,ケイツークローン,水沼元輝,[東]清水英克,328.1,0.0114006910242251,3.7405667250482555,1,12.6 - 23.6 - 34.6 - 47.2 - 60.3 - 72.3 - 84.2 - 96.5 - 108.8 - 121.1 - 133.9 (34.6-37.4),晴,芝,2200.0
2023-09-03,4,202304030810,タイセイエピソード,Ｍ．デム,[西]杉山晴紀,52.5,0.1022075891665708,5.365898431244967,1,12.5 - 23.2 - 35.1 - 47.8 - 60.5 - 73.2 - 86.4 - 99.2 - 112.4 (35.1-39.2),晴,ダ,1800.0
2023-09-02,4,202304030701,ウィンドリッパー,平沢健治,[西]清水久詞,6.1,0.4994515806699967,3.0466546420869793,1,,曇,障,2850.0
2023-09-02,1,202301020705,スプリングノヴァ,亀田温心,[西]鮫島一歩,31.3,0.1213294592502695,3.7976120745334354,1,7.2 - 18.8 - 31.1 - 43.6 - 55.9 - 68.0 - 79.8 - 92.0 (31.1-36.1),晴,芝,1500.0
2023-09-02,1,202301020704,オブシディアン,富田暁,[東]浅野洋一,26.9,0.221317808385479,5.953449045569385,1,6.9 - 17.9 - 29.8 - 42.5 - 55.3 - 67.8 - 80.8 - 93.7 - 106.8 (29.8-39.0),晴,ダ,1700.0
2023-09-02,4,202304030703,キョウエイジョイ,永野猛蔵,[東]中川公成,27.9,0.1864692281857174,5.202491466381515,1,11.9 - 22.7 - 34.6 - 46.9 - 59.2 - 72.1 (34.6-37.5),曇,ダ,1200.0
2023-09-02,4,202304030711,ラブリークイーン,柴田善臣,[東]嘉藤貴行,132.7,0.0336088554573231,4.4598951191867755,1,12.8 - 24.1 - 36.5 - 49.2 - 61.8 - 74.3 - 87.0 - 99.3 - 112.1 (36.5-37.8),曇,ダ,1800.0
2023-08-27,4,202304030605,ベストオブユー,吉田隼人,[東]久保田貴,50.1,0.0742389174911659,3.7193697663074117,1,13.0 - 25.0 - 38.4 - 52.3 - 65.3 - 76.9 - 87.8 - 99.2 (38.4-33.9),晴,芝,1600.0
2023-08-27,10,202310030610,グラストンベリー,川須栄彦,[西]藤岡健一,176.4,0.0772588909467691,13.62846836301007,1,6.9 - 17.4 - 28.6 - 40.8 - 52.7 - 64.8 - 77.0 - 90.0 - 103.9 (28.6-39.1),晴,ダ,1700.0
2023-08-26,4,202304030503,ケイトポムドゥパン,宮崎北斗,[東]中川公成,13.2,0.3742062108833421,4.939521983660115,1,12.3 - 23.4 - 35.1 - 47.7 - 60.0 - 73.1 (35.1-38.0),晴,ダ,1200.0
2023-08-20,10,202310030406,アイファーシアトル,藤懸貴志,[西]鮫島一歩,15.8,0.2856108619939884,4.512651619505017,1,11.9 - 22.1 - 33.3 - 45.5 - 57.9 (33.3-35.8),晴,ダ,1000.0
2023-08-20,1,202301020407,ワレハウミノコ,富田暁,[西]武英智,104.6,0.0665911852765718,6.96543797992941,1,12.2 - 23.1 - 35.2 - 48.2 - 60.9 - 73.9 - 86.8 - 99.4 - 111.7 - 124.3 (35.2-37.5),曇,芝,2000.0
2023-08-19,1,202301020307,マテンロウカノン,横山和生,[東]萩原清,25.9,0.1948849191619492,5.047519406294484,1,12.1 - 23.2 - 35.7 - 48.6 - 61.5 - 74.3 - 86.5 - 98.8 - 110.6 - 122.4 (35.7-35.9),曇,芝,2000.0
2023-08-12,4,202304030104,ヒサメ,松岡正海,[東]田中剛,208.2,0.0538360996335971,11.208675943714915,1,12.7 - 24.0 - 36.4 - 49.3 - 62.0 - 74.6 - 87.7 - 100.6 - 113.3 (36.4-38.7),曇,ダ,1800.0
2023-08-12,10,202310030101,テーオーコンドル,五十嵐雄,[西]宮徹,34.1,0.293824227981549,10.019406174170822,1,,晴,障,2860.0
2023-08-06,35,202335080604,フェザースピリット,小林凌,[地]佐藤敏彦,8.3,0.3791903075733023,3.1472795528584094,1,,晴,ダ,1200.0
2023-08-05,43,202343080507,ハートロック,小杉亮,[地]岡林光浩,13.4,0.3612127775855082,4.840251219645809,1,6.9 - 19.6 - 33.4 - 46.2 - 58.7 - 71.3 - 84.5 - 98.1 (33.4-39.4),晴,ダ,1500.0
2023-08-05,43,202343080508,デルマアメミット,川島正太,[地]坂本昇,6.9,0.5550409803266643,3.8297827642539835,1,12.5 - 24.1 - 36.3 - 48.6 - 61.2 - 74.6 (36.3-38.3),晴,ダ,1200.0
2023-07-30,1,202301010405,パワーホール,横山和生,[西]昆貢,13.8,0.2376649507167559,3.2797763198912313,1,12.8 - 24.9 - 37.9 - 51.3 - 64.4 - 77.1 - 89.3 - 100.5 - 111.6 (37.9-34.5),曇,芝,1800.0
2023-07-30,35,202335073010,ビバリークイーン,塚本涼人,[地]新田守,37.2,0.3142297816093612,11.689347875868238,1,,晴,ダ,1400.0
2023-07-30,35,202335073008,エスディージーズ,阿部英俊,[地]及川良春,6.5,0.5547344895786478,3.605774182261211,1,,晴,ダ,1200.0
2023-07-29,45,202345072906,ピースオンアース,新原周馬,[地]佐藤博紀,10.7,0.5148961417918124,5.509388717172393,1,12.4 - 24.3 - 37.2 - 49.2 - 62.6 - 76.6 - 90.9 (37.2-41.7),晴,ダ,1400.0
2023-07-29,45,202345072908,ナリノバロン,山林堂信,[地]内田勝義,27.8,0.1308465079735856,3.63753292166568,1,12.7 - 24.5 - 37.7 - 51.7 - 63.6 - 76.6 - 90.1 - 103.5 (37.7-39.9),晴,ダ,1600.0
2023-07-29,45,202345072909,モエヨドラゴン,増田充宏,[地]佐々木仁,12.8,0.2794223851258208,3.5766065296105065,1,12.1 - 23.8 - 37.0 - 50.8 - 62.5 - 75.5 - 88.9 - 102.9 (37.0-40.4),晴,ダ,1600.0
2023-07-29,45,202345072901,ティーストーク,森泰斗,[地]佐々木仁,5.4,0.5711842957144084,3.084395196857806,1,12.5 - 25.5 - 39.5 - 51.8 - 64.8 - 78.2 - 92.2 (39.5-40.4),晴,ダ,1400.0
2023-07-29,1,202301010302,チェイスザウェイ,小林凌大,[東]伊藤圭三,15.7,0.2378440845032102,3.7341521267004,1,6.8 - 17.5 - 29.5 - 42.4 - 55.2 - 67.9 - 80.5 - 93.3 - 106.9 (29.5-39.0),晴,ダ,1700.0
2023-07-29,45,202345072907,サキガケバイオ,岡村健司,[地]山崎尋美,10.7,0.3870831172829207,4.141789354927251,1,12.4 - 24.3 - 37.5 - 49.7 - 63.1 - 76.7 - 90.6 (37.5-40.9),晴,ダ,1400.0
2023-07-29,45,202345072905,メジャーセブンス,櫻井光輔,[地]八木正喜,10.5,0.4110547706525588,4.316075091851867,1,5.4 - 17.4 - 30.1 - 44.7 - 57.6 - 71.3 - 84.5 - 99.1 (30.1-41.5),晴,ダ,1500.0
2023-07-23,3,202303020810,セイウンプラチナ,原優介,[東]小桧山悟,56.5,0.1082120964664193,6.11398345035269,1,12.6 - 24.6 - 36.9 - 49.6 - 61.6 - 73.3 - 85.1 - 97.0 - 109.1 (36.9-35.8),晴,芝,1800.0
2023-07-23,1,202301010210,シルバーブレッド,武豊,[西]石坂公一,32.7,0.1704645919277187,5.5741921560364025,1,6.9 - 18.2 - 30.9 - 44.1 - 57.3 - 69.6 - 81.8 - 94.2 - 106.7 (30.9-37.1),晴,ダ,1700.0
2023-07-16,2,202302020607,エンプレスペイ,鮫島克駿,[西]武幸四郎,19.0,0.2021286163095443,3.8404437098813413,1,7.0 - 17.8 - 29.8 - 42.5 - 55.2 - 67.9 - 80.7 - 92.8 - 105.0 (29.8-37.1),曇,ダ,1700.0
2023-07-16,2,202302020610,レイクリエイター,浜中俊,[西]浜田多実,39.4,0.0850165478502685,3.349651985300579,1,6.8 - 17.6 - 28.9 - 41.0 - 53.3 - 66.0 - 78.9 - 91.1 - 103.5 (28.9-37.5),曇,ダ,1700.0
2023-07-15,2,202302020504,ブリスキー,鮫島克駿,[東]堀宣行,66.0,0.0495418816483005,3.269764188787833,1,7.2 - 18.4 - 30.8 - 43.3 - 55.7 - 68.0 - 80.2 - 92.7 - 105.9 (30.8-37.9),雨,ダ,1700.0
2023-07-09,3,202303020408,フィールザオーラ,小林美駒,[東]武井亮,24.3,0.1280324921432947,3.1111895590820615,1,12.7 - 24.1 - 36.5 - 49.0 - 61.0 - 72.7 - 84.3 - 96.0 - 108.3 (36.5-35.6),曇,芝,1800.0
2023-07-09,3,202303020404,ボールドトップ,原優介,[東]鈴木慎太,326.2,0.0263151151244844,8.58399055360681,1,7.1 - 17.9 - 29.4 - 42.4 - 55.7 - 68.4 - 81.1 - 93.8 - 107.3 (29.4-38.9),晴,ダ,1700.0
2023-07-08,2,202302020305,ドナベティ,武豊,[西]矢作芳人,12.2,0.2790605896445776,3.4045391936638465,1,12.2 - 23.5 - 35.2 - 46.8 - 57.9 - 69.3 (35.2-34.1),晴,芝,1200.0
2023-07-08,7,202307030302,キトリ,西村淳也,[西]杉山晴紀,16.7,0.1891626979714092,3.1590170561225333,1,12.7 - 23.9 - 36.4 - 49.0 - 61.7 - 74.5 - 87.5 - 101.4 - 115.8 (36.4-41.3),曇,ダ,1800.0
2023-07-01,3,202303020101,ラジェドール,草野太郎,[東]小笠倫弘,27.4,0.143538227914105,3.932947444846477,1,,曇,障,2750.0
2023-06-24,5,202305030705,ヴェロキラプトル,三浦皇成,[西]高野友和,19.2,0.182466910677969,3.503364685017005,1,13.3 - 25.5 - 37.8 - 50.7 - 63.4 - 75.5 - 86.7 - 97.6 - 109.3 (37.8-33.8),晴,芝,1800.0
2023-06-24,9,202309030708,アスクビギンアゲン,岩田望来,[西]梅田智之,74.8,0.0563586963001498,4.215630483251205,1,12.5 - 23.4 - 34.7 - 46.2 - 57.8 - 69.5 - 81.3 (34.7-35.1),曇,芝,1400.0
2023-06-18,9,202309030606,ダイメイセブン,藤岡康太,[西]本田優,26.6,0.20295604420361,5.398630775816026,1,12.7 - 23.5 - 36.6 - 49.3 - 62.0 - 74.9 - 87.6 - 100.7 - 114.6 (36.6-39.7),曇,ダ,1800.0
2023-06-17,2,202302010302,ジュエルマイスター,斎藤新,[東]辻哲英,19.9,0.3116153380277251,6.20114522675173,1,6.8 - 18.1 - 30.4 - 43.7 - 56.8 - 69.2 - 81.8 - 94.0 - 106.4 (30.4-37.2),曇,ダ,1700.0
2023-06-17,2,202302010304,ステラポイント,鮫島克駿,[西]杉山晴紀,10.9,0.2872895719902943,3.131456334694208,1,12.4 - 24.1 - 36.6 - 50.1 - 62.5 - 75.2 - 88.4 - 101.5 - 114.2 - 126.6 - 138.6 - 150.1 - 162.1 (36.6-35.5),曇,芝,2600.0
2023-06-17,9,202309030503,ヴォードヴィル,団野大成,[西]中竹和也,47.9,0.138518931480248,6.6350568179038785,1,12.8 - 24.0 - 37.2 - 49.9 - 62.7 - 75.4 - 88.1 - 100.6 - 113.3 (37.2-37.9),晴,ダ,1800.0
2023-06-04,36,202336060408,メイショウミザオ,小林凌,[地]永田幸宏,9.2,0.460359646642077,4.235308749107109,1,,曇,ダ,850.0
2023-06-04,9,202309030206,サンガネーブ,北村友一,[西]田中克典,16.8,0.2222620170820398,3.7340018869782687,1,12.3 - 23.5 - 35.1 - 47.0 - 59.4 - 72.6 (35.1-37.5),晴,ダ,1200.0
2023-06-04,36,202336060410,ビービーパドル,陶文峰,[地]菅原右吉,12.2,0.281313141673404,3.4320203284155286,1,,曇,ダ,1400.0
2023-06-03,9,202309030104,シルキーバローズ,菱田裕二,[西]辻野泰之,72.2,0.1234524452855913,8.913266549619692,1,12.5 - 23.9 - 37.3 - 50.0 - 62.6 - 74.8 - 86.8 - 98.5 - 110.0 - 122.0 (37.3-35.2),晴,芝,2000.0
2023-06-03,5,202305030106,マラマプア,永野猛蔵,[東]伊藤圭三,11.2,0.3103237442111852,3.475625935165274,1,7.1 - 18.1 - 30.1 - 42.3 - 54.3 - 65.6 - 77.4 (30.1-35.1),曇,ダ,1300.0
2023-06-03,5,202305030107,アラクレ,丹内祐次,[東]清水英克,80.7,0.0417722010736491,3.371016626643483,1,12.3 - 23.7 - 35.1 - 46.7 - 58.3 - 70.0 - 82.8 (35.1-36.1),曇,芝,1400.0
2023-06-03,55,202355060310,テイエムサツマドン,石川慎将,[地]平山宏秀,21.4,0.1953281135781176,4.180021630571717,1,,晴,ダ,1400.0
2023-06-03,55,202355060308,カムカムキリシマ,田中純,[地]古賀光範,6.0,0.6248599260395247,3.749159556237148,1,,晴,ダ,1400.0
2023-05-28,36,202336052807,アルゴル,関本淳,[地]晴山厚司,9.7,0.5198508220414753,5.04255297380231,1,,雨,ダ,850.0
2023-05-28,5,202305021208,ドリームインパクト,坂井瑠星,[東]国枝栄,28.0,0.162208687993774,4.541843263825672,1,13.1 - 24.7 - 37.6 - 50.3 - 62.7 - 75.3 - 87.1 - 99.3 - 111.1 - 122.2 - 133.6 - 145.6 (37.6-34.5),晴,芝,2400.0
2023-05-27,8,202308011106,ニシキギミッチー,団野大成,[東]鈴木伸尋,91.2,0.0653448187606357,5.959447470969977,1,12.1 - 23.1 - 35.0 - 47.3 - 59.6 - 71.9 - 84.4 (35.0-37.1),晴,ダ,1400.0
2023-05-20,5,202305020903,ワイルドハンター,木幡巧也,[東]小笠倫弘,229.1,0.0143910094118016,3.2969802562437462,1,7.0 - 17.8 - 30.5 - 43.1 - 56.2 - 68.9 - 81.5 - 94.3 - 107.0 - 119.2 - 131.4 (30.5-37.1),曇,ダ,2100.0
2023-05-20,8,202308010908,ステラフィオーレ,Ｍ．デム,[西]小栗実,15.5,0.2992230518682746,4.637957303958256,1,12.5 - 23.8 - 36.0 - 48.4 - 60.3 - 72.7 (36.0-36.7),晴,ダ,1200.0
2023-05-14,4,202304010605,ベストインクラス,上野翔,[東]伊藤伸一,56.6,0.0918661347615079,5.199623227501347,1,,曇,障,2890.0
2023-05-14,5,202305020812,フルム,水口優也,[西]浜田多実,25.9,0.1525617897099516,3.9513503534877463,1,12.2 - 22.9 - 34.5 - 46.3 - 58.2 - 70.0 - 82.6 (34.5-36.3),小雨,ダ,1400.0
2023-05-06,8,202308010502,マルカブリッツ,小沢大仁,[西]松永昌博,52.0,0.1140790569891466,5.932110963435623,1,12.5 - 23.6 - 36.5 - 49.5 - 62.3 - 74.8 - 87.7 - 100.1 - 113.2 (36.5-38.4),曇,ダ,1800.0
2023-04-29,8,202308010302,ティエラサンタ,岩田望来,[西]西村真幸,29.0,0.2055161052802873,5.959967053128332,1,12.3 - 23.9 - 37.0 - 49.9 - 62.8 - 75.7 - 88.9 - 101.9 - 114.9 (37.0-39.2),曇,ダ,1800.0
2023-04-22,3,202303010510,ヴィブラフォン,佐々木大,[東]高木登,71.9,0.0761156103235674,5.472712382264496,1,7.0 - 17.8 - 29.7 - 42.4 - 55.5 - 67.7 - 79.9 - 92.4 - 105.8 (29.7-38.1),晴,ダ,1700.0
2023-04-22,3,202303010506,トーホウテンリュウ,菱田裕二,[西]谷潔,13.6,0.362843100727783,4.934666169897849,1,7.1 - 18.4 - 30.8 - 43.5 - 56.1 - 68.3 - 81.0 - 93.5 - 106.8 (30.8-38.5),晴,ダ,1700.0
2023-04-22,8,202308010101,ウィズユアドリーム,吉田隼人,[西]吉岡辰弥,19.0,0.1797103016868984,3.414495732051069,1,12.6 - 23.0 - 35.2 - 47.5 - 59.8 - 72.4 - 84.8 - 96.9 - 108.8 - 120.9 (35.2-36.1),晴,芝,2000.0
2023-04-16,9,202309020809,シェイリーン,北村友一,[西]池添学,26.4,0.1496852720066332,3.9516911809751165,1,12.8 - 23.9 - 35.5 - 47.7 - 60.5 - 73.1 - 84.3 - 95.2 - 107.0 (35.5-33.9),晴,芝,1800.0
2023-04-15,9,202309020701,アロットドリーム,角田大河,[西]本田優,43.4,0.0796592756011669,3.457212561090643,1,12.2 - 23.3 - 35.7 - 47.9 - 59.7 - 71.6 - 84.6 (35.7-36.7),雨,ダ,1400.0
2023-04-09,3,202303010211,ヴィズサクセス,武藤雅,[東]奥村武,32.7,0.1565301593565702,5.118536210959846,1,12.3 - 23.2 - 34.3 - 46.2 - 57.6 - 69.4 (34.3-35.1),晴,芝,1200.0
2023-04-09,3,202303010201,タマモマスラオ,小沢大仁,[西]緒方努,25.4,0.1305426016561686,3.3157820820666823,1,7.1 - 18.1 - 30.1 - 42.8 - 55.9 - 68.8 - 81.9 - 94.8 - 107.4 (30.1-38.6),晴,ダ,1700.0
2023-04-09,9,202309020612,テイエムベンチャー,国分恭介,[西]鈴木孝志,158.0,0.0572026674325383,9.038021454341052,1,12.5 - 23.5 - 36.7 - 49.4 - 62.0 - 74.7 - 87.4 - 99.5 - 112.1 (36.7-37.4),晴,ダ,1800.0
2023-04-08,3,202303010108,キングクー,藤田菜七,[西]村山明,8.6,0.5002723488304908,4.3023421999422204,1,9.3 - 20.0 - 30.8 - 42.5 - 54.9 - 68.2 (30.8-37.4),曇,ダ,1150.0
2023-04-02,6,202306030406,シェットランド,田辺裕信,[東]久保田貴,20.4,0.2310335238002088,4.713083885524259,1,12.6 - 24.4 - 37.8 - 50.7 - 63.2 - 75.4 - 87.8 - 100.5 - 113.5 (37.8-38.1),曇,ダ,1800.0
2023-04-02,36,202336040207,アルゴル,関本淳,[地]晴山厚司,10.8,0.3798469815878111,4.10234740114836,1,,晴,ダ,850.0
2023-04-02,36,202336040206,ユキノマツシマ,木村暁,[地]畠山信一,26.9,0.3957908546479974,10.64677399003113,1,,晴,ダ,850.0
2023-04-02,9,202309020403,ジョータルマエ,角田大河,[西]中竹和也,89.3,0.0565488888432733,5.049815773704306,1,13.1 - 24.9 - 37.3 - 51.8 - 64.9 - 77.7 - 90.0 - 102.4 - 115.2 - 129.3 (37.3-39.3),晴,ダ,2000.0
2023-04-02,6,202306030411,テーオーシリウス,斎藤新,[西]奥村豊,59.8,0.0600677271098466,3.5920500811688263,1,12.5 - 24.4 - 37.0 - 48.8 - 60.8 - 72.2 - 83.9 - 95.6 - 107.6 - 119.7 (37.0-35.8),曇,芝,2000.0
2023-04-01,55,202355040102,フェリスウイング,合林海斗,[地]松島壽,5.7,0.5934808598712036,3.3828409012658605,1,,晴,ダ,1400.0
2023-04-01,9,202309020302,フリーウィーリング,藤岡佑介,[西]中内田充,14.9,0.2154061103162925,3.2095510437127586,1,12.6 - 23.6 - 36.8 - 49.6 - 62.6 - 75.6 - 88.7 - 101.5 - 114.8 (36.8-39.2),晴,ダ,1800.0
2023-04-01,6,202306030309,トップスティール,丸田恭介,[東]深山雅史,40.1,0.0776125050381772,3.1122614520309058,1,12.8 - 24.5 - 37.6 - 50.8 - 62.9 - 75.1 - 87.2 - 100.0 - 113.4 (37.6-38.3),晴,ダ,1800.0
2023-04-01,6,202306030312,ヒロノゴウカイ,秋山稔樹,[東]蛯名利弘,15.9,0.3189070260978379,5.070621714955623,1,12.1 - 22.6 - 33.8 - 45.6 - 58.0 - 71.3 (33.8-37.5),晴,ダ,1200.0
2023-03-25,6,202306030103,クリスプブリーズ,木幡巧也,[東]菊川正達,239.2,0.0476045143296937,11.386999827662732,1,13.2 - 25.2 - 38.3 - 51.2 - 63.5 - 75.7 - 88.6 - 101.9 - 115.0 (38.3-39.3),雨,ダ,1800.0
2023-03-25,6,202306030104,ジュンフシナ,田辺裕信,[東]中舘英二,27.2,0.1863707827515797,5.069285290842967,1,12.7 - 24.3 - 36.1 - 48.1 - 60.6 - 73.2 - 85.7 - 98.2 (36.1-37.6),雨,芝,1600.0
2023-03-25,9,202309020106,システムリブート,吉田隼人,[西]吉岡辰弥,118.1,0.0819907432365556,9.683106776237215,1,12.6 - 24.0 - 36.0 - 48.0 - 59.7 - 70.8 - 82.0 - 94.3 (36.0-34.6),曇,芝,1600.0
2023-03-19,9,202309011204,オラコモエスタス,大江原圭,[東]伊藤大士,49.5,0.1032629048101053,5.111513788100212,1,,晴,障,2970.0
2023-03-18,7,202307020309,ラルフ,武豊,[西]荒川義之,23.9,0.2271225398540012,5.428228702510628,1,12.7 - 23.4 - 36.0 - 48.5 - 60.9 - 73.3 - 85.5 - 97.4 - 110.2 (36.0-36.9),曇,ダ,1800.0
2023-03-18,9,202309011106,キリンジ,藤岡佑介,[西]佐々木晶,23.4,0.1344555702909204,3.146260344807537,1,13.2 - 24.2 - 37.5 - 50.1 - 62.9 - 75.4 - 87.6 - 99.6 - 112.4 (37.5-37.0),曇,ダ,1800.0
2023-03-12,7,202307020201,メイショウオーロラ,横山典弘,[西]本田優,15.8,0.2237745252669837,3.5356374992183426,1,13.0 - 24.3 - 37.7 - 50.6 - 63.6 - 76.6 - 89.3 - 101.3 - 113.6 (37.7-37.0),晴,ダ,1800.0
2023-03-12,6,202306020612,アメトリーチェ,小林勝太,[東]加藤士津,31.8,0.1307298472940717,4.15720914395148,1,12.0 - 23.0 - 34.7 - 47.2 - 59.5 - 71.9 (34.7-37.2),曇,ダ,1200.0
2023-03-05,9,202309010809,マリオロード,幸英明,[西]安達昭夫,60.7,0.0765046076944414,4.643829687052593,1,13.0 - 24.0 - 37.2 - 49.7 - 62.8 - 76.0 - 88.9 - 101.1 - 114.3 (37.2-38.3),晴,ダ,1800.0
2023-03-05,54,202354030502,リワードジョン,佐原秀泰,[地]雑賀正光,18.2,0.4647024819466178,8.457585171428443,1,,晴,ダ,1400.0
2023-03-05,54,202354030501,カリプソメロディ,井上瑛太,[地]宮川浩一,48.9,0.1044110600117418,5.105700834574174,1,,晴,ダ,1400.0
2023-03-04,55,202355030409,ホウオウエックス,加茂飛翔,[地]大島静夫,46.9,0.5314336383910752,24.924237640541424,1,,晴,ダ,1400.0
2023-03-04,55,202355030403,ブルータンゴ,石川慎将,[地]手島勝利,6.7,0.6392233341096765,4.282796338534832,1,,晴,ダ,1400.0
2023-02-26,9,202309010605,ルクスドヌーヴ,横山和生,[西]須貝尚介,17.8,0.178739114619643,3.1815562402296456,1,12.7 - 24.2 - 36.5 - 49.4 - 62.3 - 74.4 - 85.6 - 97.3 (36.5-35.0),曇,芝,1600.0
2023-02-26,10,202310020604,ドンシャーク,森一馬,[西]今野貞一,7.2,0.5380553101399665,3.873998233007759,1,,晴,障,2860.0
2023-02-26,10,202310020607,サトノゼノビア,藤岡佑介,[東]国枝栄,16.5,0.256214127023094,4.227533095881051,1,12.2 - 23.1 - 35.5 - 48.4 - 61.2 - 73.8 - 85.8 - 97.9 - 110.0 - 122.6 (35.5-36.8),晴,芝,2000.0
2023-02-25,10,202310020504,ヒストリアノワール,伴啓太,[東]嘉藤貴行,13.4,0.2251600499938585,3.017144669917704,1,,曇,障,2860.0
2023-02-25,10,202310020501,ウインステイトリー,水沼元輝,[東]上原博之,215.0,0.0553983577968563,11.910646926324103,1,6.9 - 18.5 - 30.7 - 44.1 - 57.0 - 69.4 - 81.2 - 93.2 - 105.7 (30.7-36.3),曇,ダ,1700.0
2023-02-19,5,202305010804,ウィステリアリヴァ,吉田豊,[東]小野次郎,79.2,0.1313133009102581,10.400013432092443,1,12.9 - 24.4 - 36.1 - 47.9 - 60.3 - 72.9 - 84.4 - 95.9 - 107.6 (36.1-34.7),曇,芝,1800.0
2023-02-18,9,202309010310,ワルツフォーラン,酒井学,[東]小西一男,64.4,0.0694382016053433,4.471820183384109,1,12.2 - 23.1 - 34.4 - 46.3 - 58.7 - 71.1 - 84.0 (34.4-37.7),曇,ダ,1400.0
2023-02-18,10,202310020311,メイショウゲンセン,藤岡康太,[西]武幸四郎,22.9,0.2155393547446042,4.935851223651436,1,11.8 - 22.5 - 33.5 - 44.7 - 56.4 - 68.4 (33.5-34.9),小雨,芝,1200.0
2023-02-18,5,202305010709,ホウオウビスケッツ,横山和生,[東]奥村武,26.5,0.1724533749916311,4.570014437278224,1,12.7 - 24.4 - 36.5 - 49.0 - 61.6 - 73.4 - 85.0 - 96.2 - 107.4 - 119.3 (36.5-34.3),晴,芝,2000.0
2023-02-12,5,202305010604,グローフォース,武藤雅,[東]小笠倫弘,125.1,0.0473793411947493,5.927155583463137,1,12.6 - 24.1 - 35.7 - 47.9 - 60.4 - 72.8 - 85.1 - 97.8 (35.7-37.4),晴,ダ,1600.0
2023-02-12,9,202309010203,ショウナンハクウン,岩田康誠,[東]大竹正博,8.7,0.3678282587430431,3.2001058510644746,1,12.3 - 23.2 - 34.9 - 47.2 - 59.8 - 72.5 - 86.2 (34.9-39.0),晴,ダ,1400.0
2023-02-12,5,202305010609,コスタボニータ,松山弘平,[西]杉山佳明,31.3,0.1017413628248548,3.184504656417955,1,13.1 - 24.5 - 36.5 - 48.5 - 60.5 - 72.1 - 83.1 - 94.6 - 106.6 (36.5-34.5),晴,芝,1800.0
2023-02-12,5,202305010612,レイニーデイ,江田照男,[東]田村康仁,41.3,0.1620441961930121,6.6924253027714,1,12.5 - 23.7 - 35.4 - 47.3 - 58.9 - 70.6 - 83.0 (35.4-35.7),曇,ダ,1400.0
2023-02-11,9,202309010109,デビットバローズ,岩田望来,[西]上村洋行,16.1,0.2069441030802275,3.331800059591663,1,12.5 - 24.0 - 36.2 - 48.3 - 60.6 - 72.3 - 83.1 - 94.2 - 105.9 (36.2-33.6),晴,芝,1800.0
2023-02-11,9,202309010108,タカラマドンナ,川又賢治,[西]杉山佳明,13.3,0.3004527075671276,3.9960210106427976,1,12.3 - 23.6 - 35.5 - 47.4 - 59.7 - 73.0 (35.5-37.5),晴,ダ,1200.0
2023-02-05,10,202310010808,ケリーズノベル,富田暁,[東]武井亮,37.3,0.2877648314519896,10.733628213159212,1,12.9 - 25.0 - 38.4 - 51.9 - 65.4 - 78.7 - 92.0 - 104.8 - 117.0 - 129.5 - 142.3 - 155.4 (38.4-38.4),晴,ダ,2400.0
2023-01-28,7,202307010912,カルタゴ,国分恭介,[東]小島茂之,82.3,0.03848099223196,3.1669856606903077,1,12.6 - 23.9 - 35.7 - 47.5 - 59.7 - 71.6 - 82.7 - 94.6 (35.7-34.9),晴,芝,1600.0
2023-01-28,7,202307010903,バンドマスター,ムルザバ,[西]茶木太樹,9.8,0.3964451256608722,3.885162231476548,1,7.3 - 18.6 - 30.2 - 43.7 - 57.0 - 69.8 - 83.0 - 96.1 - 108.6 - 121.3 (30.2-38.3),晴,ダ,1900.0
2023-01-22,7,202307010804,エクロジャイト,イーガン,[西]安田隆行,19.8,0.1561707013433745,3.092179886598815,1,13.0 - 24.3 - 37.9 - 51.4 - 63.9 - 77.2 - 90.4 - 102.8 - 115.4 (37.9-38.2),晴,ダ,1800.0
2023-01-21,10,202310010305,ジューンベロシティ,西谷誠,[西]武英智,19.3,0.3122933204227737,6.027261084159533,1,,晴,障,2860.0
2023-01-21,10,202310010304,グレンガリー,蓑島靖典,[東]萩原清,16.1,0.2930296680209115,4.7177776551366755,1,,晴,障,2860.0
2023-01-14,7,202307010502,シャープソーン,イーガン,[西]西園正都,20.5,0.2164748371268329,4.4377341611000745,1,12.5 - 23.9 - 35.8 - 48.6 - 61.3 - 73.2 - 86.1 (35.8-37.5),小雨,ダ,1400.0
2023-01-14,7,202307010503,ルクスフロンティア,武豊,[西]松永幹夫,14.4,0.2985670215258987,4.299365109972942,1,12.9 - 24.8 - 38.3 - 51.5 - 64.5 - 77.3 - 89.8 - 102.3 - 114.9 (38.3-37.6),小雨,ダ,1800.0
2023-01-09,6,202306010407,デルマタモン,北村宏司,[東]勢司和浩,24.9,0.1264124398305965,3.1476697517818524,1,12.8 - 24.4 - 37.2 - 50.1 - 62.4 - 75.1 - 88.0 - 101.0 - 114.6 (37.2-39.5),晴,ダ,1800.0
2023-01-09,7,202307010402,ワイアウ,吉田隼人,[西]武幸四郎,8.8,0.4332345901199879,3.8124643930558935,1,12.6 - 23.8 - 35.7 - 48.0 - 60.6 - 73.5 (35.7-37.8),晴,ダ,1200.0
2023-01-09,54,202354010902,ディープエコロジー,赤岡修次,[地]平和人,6.3,0.5675471794726701,3.5755472306778215,1,,晴,ダ,1600.0
2023-01-07,55,202355010710,フミタツエンペラー,加茂飛翔,[地]井樋明正,29.8,0.6681633359288184,19.91126741067879,1,,曇,ダ,900.0
2023-01-07,7,202307010203,マサハヤウォルズ,今村聖奈,[西]今野貞一,39.4,0.0817425580471834,3.220656787059026,1,7.2 - 18.9 - 30.3 - 43.4 - 56.1 - 68.9 - 82.4 - 95.9 - 108.9 - 122.5 (30.3-40.1),晴,ダ,1900.0
2023-01-05,55,202355010509,シルクハット,山口勲,[地]九日俊光,15.9,0.2513493436213995,3.996454563580252,1,,晴,ダ,1400.0
2023-01-05,55,202355010507,キクノキング,山下裕貴,[地]矢野久美,16.5,0.4048324237218444,6.679734991410433,1,,晴,ダ,1400.0
